"data";"close";"open";"high";"low"
"12/11/2013";350.2;343.3;355.3;341.9
"13/11/2013";387.7;366.8;387.7;356.4
"14/11/2013";418;396.2;419.5;393.7
"15/11/2013";400;419.1;436.1;400
"16/11/2013";435.3;412;436;398.4
"17/11/2013";473.3;435.9;473.3;435.9
"18/11/2013";585.2;461;590.6;461
"19/11/2013";599;600;690.9;418.4
"20/11/2013";550;504.9;550;425.1
"21/11/2013";700;587;700;580
"22/11/2013";760;680;760;680
"23/11/2013";842.2;800.2;842.2;769.9
"24/11/2013";813.7;746.9;813.7;746.9
"25/11/2013";782.8;785.9;789;782.8
"26/11/2013";849.6;790.2;849.6;778
"27/11/2013";948;863.9;948.9;855
"28/11/2013";1010;955;1031.1;943.9
"29/11/2013";1107.5;1030;1124.4;1030
"30/11/2013";1112.4;1105.1;1115;1103.1
"01/12/2013";955;998.1;998.1;903
"02/12/2013";998.1;997.9;1031.1;960
"03/12/2013";1048;1048;1048;1048
"04/12/2013";1145;1065.5;1149.5;1065.5
"05/12/2013";1030.6;1129.8;1135;866
"06/12/2013";872.6;1028.2;1028.2;845.4
"07/12/2013";800.6;833.3;1200;632.3
"08/12/2013";730;717.1;758.5;682.2
"09/12/2013";935.8;871.4;945;849.4
"10/12/2013";1023;967.2;1030.4;958.5
"11/12/2013";921.8;1005.6;1005.6;890.7
"12/12/2013";900.5;878.9;915;878.9
"13/12/2013";912.6;911;954;909.1
"14/12/2013";897.9;904;909.7;889
"15/12/2013";864.9;891.2;891.2;850
"16/12/2013";704.8;896.8;896.8;699.6
"17/12/2013";731.9;712.2;759.8;643.9
"18/12/2013";551.4;668.8;668.8;408.7
"19/12/2013";702;545.6;716.4;521
"20/12/2013";599;702;732;599
"21/12/2013";607.7;655.4;656.7;589
"22/12/2013";622.1;590;669.6;590
"23/12/2013";640.4;650.2;653.2;640.4
"24/12/2013";647.3;662;668.7;646.8
"26/12/2013";740;680;741.3;680
"27/12/2013";718.9;757.5;757.7;709
"28/12/2013";701;726;732;701
"29/12/2013";714.3;710.7;714.3;710.7
"30/12/2013";737.2;735;740;730.2
"31/12/2013";727.7;731.5;731.5;715.7
"01/01/2014";740.3;740;757;733.5
"02/01/2014";775;746.2;775;740.2
"03/01/2014";812.1;801;812.1;801
"04/01/2014";801.8;806.5;806.5;801.8
"05/01/2014";904;839.5;904;839.5
"06/01/2014";934.5;910;950;900
"07/01/2014";791;928.7;928.7;791
"08/01/2014";828.5;781;838;771
"09/01/2014";850;833.7;850;794.9
"10/01/2014";834.7;833;834.7;833
"11/01/2014";896.9;899;900.3;895
"12/01/2014";888.1;892;892;888.1
"13/01/2014";818.4;846.6;857.3;818.4
"14/01/2014";826.9;827.8;833.4;815.1
"15/01/2014";839.7;835.5;842.2;833.7
"16/01/2014";824;847.1;847.1;822.4
"17/01/2014";789;820;820.7;789
"18/01/2014";800;810;815;799
"19/01/2014";830;819;830;814.2
"20/01/2014";823.4;831;831;795.2
"21/01/2014";810;810;824.7;794.2
"22/01/2014";807;807;807;807
"23/01/2014";816.2;819;820;804.3
"24/01/2014";781.9;800;800;773.2
"25/01/2014";810;795.8;810;789.4
"26/01/2014";809.7;804.2;823.9;731
"27/01/2014";760.3;810.9;810.9;757
"28/01/2014";795;779.8;812;770
"29/01/2014";800;789;800;783.6
"30/01/2014";803.9;794.4;803.9;785.4
"31/01/2014";800;801.7;803.3;791.8
"01/02/2014";814.6;801.9;814.6;801.9
"03/02/2014";810;806.8;814.1;801.7
"04/02/2014";813;810.8;813.2;808.3
"05/02/2014";791;807;808;791
"06/02/2014";771.6;793;793;768
"07/02/2014";720;750.3;755.1;677
"08/02/2014";690;700;716.4;690
"09/02/2014";710;702.6;720;702.6
"10/02/2014";706.3;720;739;642
"11/02/2014";658.9;739;761.7;653.3
"12/02/2014";685;691.1;691.1;650
"13/02/2014";634.3;671.9;671.9;630
"14/02/2014";682;622;724;565.2
"15/02/2014";653.4;652.9;655.7;650
"16/02/2014";608;650;650;608
"17/02/2014";663.8;626;663.8;626
"18/02/2014";628;660;660;622
"19/02/2014";630.4;634.2;638;628
"20/02/2014";578.9;633;633;574.8
"21/02/2014";568;565.2;591.5;548.5
"22/02/2014";595.2;587.6;602.8;563.7
"23/02/2014";619;597.7;624.1;597.7
"24/02/2014";562.4;597.3;597.3;562.4
"25/02/2014";515;554;567;425
"26/02/2014";582;548.7;594.5;544
"27/02/2014";579;592.5;592.5;565.7
"28/02/2014";565;575.5;590.3;544.9
"01/03/2014";568.2;565;571.8;560
"02/03/2014";560.6;570.9;583.5;560
"03/03/2014";658;571.5;685;569.7
"04/03/2014";668;654.7;675;652.6
"05/03/2014";675;658;675.8;658
"06/03/2014";663;673.4;675;657
"07/03/2014";621;663;663;614
"08/03/2014";614.1;621;621;600.2
"09/03/2014";621;610.5;621;609.4
"10/03/2014";615;621;621;612.8
"11/03/2014";615;615;615;613.5
"12/03/2014";650;615;650;615
"13/03/2014";642;633.5;645.1;633.5
"14/03/2014";630;632.9;639;630
"15/03/2014";641.6;636.9;641.6;636.9
"16/03/2014";635;640.1;640.1;635
"17/03/2014";624.3;635;635.7;624
"18/03/2014";618.4;623.1;623.9;610.9
"19/03/2014";611;622.9;622.9;611
"20/03/2014";583.5;610;639.2;583.5
"21/03/2014";568.8;581;605.4;568.8
"22/03/2014";560;560;562.9;550
"23/03/2014";566.2;570.3;570.3;566.2
"24/03/2014";590;560.4;590;552
"25/03/2014";582;586.6;586.7;579.1
"26/03/2014";595;580;595;570
"27/03/2014";498.5;582.4;589.3;498.5
"28/03/2014";497.4;525;525;490
"29/03/2014";491.9;506.2;507;491
"30/03/2014";464.1;493;493;440.4
"31/03/2014";452;478.6;485;443.1
"01/04/2014";482.8;460.3;486;451.4
"02/04/2014";443.3;479.2;490.5;435.8
"03/04/2014";448.8;440.6;462;422
"04/04/2014";450;441.5;458.1;434.2
"05/04/2014";460.8;453;460.8;445.2
"06/04/2014";453.7;463.3;463.3;453.7
"07/04/2014";454.2;460.2;463.6;445
"08/04/2014";448.8;454.5;458.3;448.8
"09/04/2014";442.5;455;455;440
"10/04/2014";370;440.2;440.2;370
"11/04/2014";416.3;355;427;325
"12/04/2014";415;417.8;430;412
"13/04/2014";404.2;415;415;404.2
"14/04/2014";459;403.1;464;403.1
"15/04/2014";515;453.4;515;453.4
"16/04/2014";522.3;510;522.8;499
"17/04/2014";500.7;519.5;522.3;491
"18/04/2014";490.5;499.4;504.4;483.6
"19/04/2014";505;488.2;510;484.7
"20/04/2014";512.5;510;512.5;510
"21/04/2014";497;509;510;495.8
"22/04/2014";488;499.5;501;488
"23/04/2014";490.2;494.9;494.9;480
"24/04/2014";497.5;486;497.5;480
"25/04/2014";460;493.1;494.4;446.2
"26/04/2014";459;467.4;470.5;453.9
"27/04/2014";441.5;460;460.5;441.5
"28/04/2014";448;434;448;433
"29/04/2014";434;438.7;450;431.5
"30/04/2014";448.3;446;450;440.5
"01/05/2014";459;450.8;463;450.8
"02/05/2014";453.5;459;459.6;447
"03/05/2014";440.5;452;452;432.6
"04/05/2014";430.9;439.5;440.6;430.9
"05/05/2014";427;436.4;439.9;426.5
"06/05/2014";430;426.5;431.5;419.8
"07/05/2014";438;430;448.7;425.9
"08/05/2014";442.8;440;447;439.5
"09/05/2014";446;440;452;439.5
"10/05/2014";451.1;452;452.3;449.1
"11/05/2014";432;449.6;449.6;430.5
"12/05/2014";440;434.5;441;433
"13/05/2014";437.3;439;439;433.7
"14/05/2014";444;437.3;444;432
"15/05/2014";442;440;442;438
"16/05/2014";442.3;442;443;442
"17/05/2014";442;443;443;435.4
"18/05/2014";438.8;438;438.8;436.3
"19/05/2014";439;434.8;440;423.8
"20/05/2014";476;440;480;440
"21/05/2014";477.6;480;480;475.8
"22/05/2014";502.3;476.5;507;475.8
"23/05/2014";509.5;507;529.8;500.8
"24/05/2014";502.3;500;505;500
"25/05/2014";566.2;507.8;572;507.8
"26/05/2014";575;569;580.1;563.2
"27/05/2014";570;575.6;580;557.7
"28/05/2014";577;570;580;563.4
"29/05/2014";573;570;575;567.9
"30/05/2014";629;590;629;590
"31/05/2014";635.6;621;635.6;618.6
"01/06/2014";646.5;638;687.3;625
"02/06/2014";669.5;647.1;675;623.9
"03/06/2014";682.9;673.1;693.9;665
"04/06/2014";652.3;681.3;681.3;640
"05/06/2014";663.3;651.8;670;650
"06/06/2014";655;661;666;654.7
"07/06/2014";663;646.8;663;646.8
"08/06/2014";662.3;664.8;668.2;660
"09/06/2014";653.7;663.9;663.9;653
"10/06/2014";653.6;654;663;647
"11/06/2014";637.1;657.3;657.3;637.1
"12/06/2014";590;636;640.1;569.1
"13/06/2014";582.6;586.9;615.6;570
"14/06/2014";554.4;584;584.5;545.3
"15/06/2014";571;565;571.8;549.3
"16/06/2014";580;580.8;601;580
"17/06/2014";614.3;578.8;614.3;577
"18/06/2014";611.5;615.5;621.1;603.8
"19/06/2014";602;608;613.8;600.3
"20/06/2014";601;595.9;603;591
"21/06/2014";601.6;597.3;601.6;592.2
"22/06/2014";607.8;605;620;605
"23/06/2014";599.3;609.7;609.7;592.5
"24/06/2014";587.3;595.9;595.9;585
"25/06/2014";568.1;585;585;568.1
"26/06/2014";577.9;573.5;578.8;572
"27/06/2014";606.2;582.7;606.2;582
"28/06/2014";600.1;602.5;610.5;600.1
"29/06/2014";603.7;603;607;601
"30/06/2014";640;605.5;646;605.5
"01/07/2014";650.8;650;662;643.9
"02/07/2014";647.9;650.6;654.9;641
"03/07/2014";643.6;649.5;652;640.7
"04/07/2014";632.2;650;650;628.5
"05/07/2014";630;635;636;630
"06/07/2014";633.3;634.6;636.8;630.5
"07/07/2014";624;630.5;635;615
"08/07/2014";618.5;623.3;626;611.1
"09/07/2014";620.2;620.7;624.7;616.3
"10/07/2014";610;618.5;620;608.5
"11/07/2014";625.5;610;625.5;609.9
"12/07/2014";626;625.1;630;623
"13/07/2014";624;626;626;621.5
"14/07/2014";622.4;621.7;624;616
"15/07/2014";620.9;621.3;624;617.9
"16/07/2014";621;620;631.7;614
"17/07/2014";627.6;622;631.1;619
"18/07/2014";627.5;626.4;627.5;616.8
"19/07/2014";625.3;627.2;627.2;618
"20/07/2014";618.9;623.3;623.3;617
"21/07/2014";619.8;621;621.8;605
"22/07/2014";612.6;620;624;605.5
"23/07/2014";617.2;612;618.6;610
"24/07/2014";600.3;616.8;616.9;593.2
"25/07/2014";598;600.9;605.3;595
"26/07/2014";594;599;599;590.2
"27/07/2014";590.5;594.3;595;590
"28/07/2014";586.4;585;588;571
"29/07/2014";575;580;585.7;566.2
"30/07/2014";551;575.4;575.8;550
"31/07/2014";579;554;586;553.5
"01/08/2014";594.9;578;606.1;100
"02/08/2014";587.8;593.3;593.3;583.7
"03/08/2014";582.1;583.9;583.9;578.3
"04/08/2014";581.1;583.1;587.8;581.1
"05/08/2014";575;582;584;574.2
"06/08/2014";577.5;575.3;583.7;574.3
"07/08/2014";582.3;577.5;583.3;577.5
"08/08/2014";586.4;582.9;587.6;582.9
"09/08/2014";583.3;583;583.9;581.3
"10/08/2014";580;581.9;586.4;580
"11/08/2014";572.5;582.7;583.2;572.5
"12/08/2014";566;570;570.5;563
"13/08/2014";549;567.6;567.7;530.5
"14/08/2014";510;549;549;503
"15/08/2014";506.2;517.3;525;490
"16/08/2014";527.2;502.7;527.8;489.5
"17/08/2014";501.3;525.4;527;490.1
"18/08/2014";478.2;504.2;506.7;462.4
"19/08/2014";490.3;470;498;470
"20/08/2014";517;492.1;525;471.7
"21/08/2014";515.9;515.6;529;510
"22/08/2014";515.6;518.4;521.5;502
"23/08/2014";500.1;510.5;511.6;499
"24/08/2014";507.3;500.7;512.8;500
"25/08/2014";502.5;506.3;511;498.2
"26/08/2014";508.4;507;514.7;505.5
"27/08/2014";511;512.9;518;511
"28/08/2014";507.8;512;513.3;506.6
"29/08/2014";507.5;506;510.1;503
"30/08/2014";499;506.9;506.9;499
"31/08/2014";483.4;503.1;504;482.3
"01/09/2014";485.8;487.4;489.5;479.1
"02/09/2014";476.8;481.6;485.8;475
"03/09/2014";474;478.5;478.9;473.4
"04/09/2014";489.2;473.7;494.3;473.3
"05/09/2014";477.6;487.1;488.6;477.6
"06/09/2014";481.3;481.4;485;479.6
"07/09/2014";479.7;481.1;483.6;479.7
"08/09/2014";470.4;476.7;478.1;462.2
"09/09/2014";472.7;471;475.5;463.3
"10/09/2014";477.3;474;487;473.3
"11/09/2014";477.1;479.6;480.8;470.1
"12/09/2014";471.8;475.7;477.9;467.8
"13/09/2014";478.1;471.2;480.8;470.8
"14/09/2014";476.5;477.2;479.1;474.3
"15/09/2014";469.9;476.5;478.8;469.9
"16/09/2014";465.1;466.8;475.1;464.4
"17/09/2014";456.8;465.7;469;450.4
"18/09/2014";427.2;456.7;460;412
"19/09/2014";395.3;426.8;428.4;389.9
"20/09/2014";411.6;396.5;427.3;392.5
"21/09/2014";400.7;409.3;412.5;394.2
"22/09/2014";397.7;400.1;406.2;394
"23/09/2014";429.1;398.9;440.5;395.4
"24/09/2014";420.4;426.7;430;408.6
"25/09/2014";409.1;420.6;420.6;404
"26/09/2014";403;411.2;414.8;397
"27/09/2014";397.3;400.4;405;395.1
"28/09/2014";374.7;398.8;399.4;370
"29/09/2014";369.6;376.8;383;367.3
"30/09/2014";387.1;374.2;392.1;372
"01/10/2014";383;387;389;377
"02/10/2014";371.7;383.1;385.5;370.3
"03/10/2014";357.7;371.5;375.1;356.4
"04/10/2014";328.7;359.6;364.8;322.4
"05/10/2014";322.5;327.6;341.2;285.1
"06/10/2014";323.8;320.2;345.5;303.1
"07/10/2014";331;330.5;334.6;315.8
"08/10/2014";350;332.1;351;325
"09/10/2014";363.5;349.1;375.7;346
"10/10/2014";359.5;363.7;375;352.4
"11/10/2014";361.3;358.9;366;352.3
"12/10/2014";372;361.9;375;354.3
"13/10/2014";383.4;367.1;391;363.3
"14/10/2014";397.9;388;405.8;385.9
"15/10/2014";393.5;392.7;397.9;379.3
"16/10/2014";379.3;395;395;372.2
"17/10/2014";380.3;380.7;385.7;371.9
"18/10/2014";390;379.1;391.8;377
"19/10/2014";386.3;386.3;389.1;384.3
"20/10/2014";381;385.9;386.8;374.6
"21/10/2014";382.8;380.7;387.8;378.2
"22/10/2014";380;382.9;385.5;379.7
"23/10/2014";356;379.7;381;353
"24/10/2014";356.1;356.1;359.9;349
"25/10/2014";347.4;356.8;357.5;342.3
"26/10/2014";350;346.8;356.3;344
"27/10/2014";350.6;351.1;355;346.5
"28/10/2014";353.1;351.2;353.2;349
"29/10/2014";333.2;352.2;352.3;333.2
"30/10/2014";343.9;334.6;350.6;333
"31/10/2014";337;344.9;346.5;336.6
"01/11/2014";327.2;337.7;338.4;321.7
"02/11/2014";322.5;327;329.4;321.3
"03/11/2014";323.6;324.3;335.5;323.3
"04/11/2014";326.9;323.6;330.2;321.8
"05/11/2014";337.5;330.8;341;321
"06/11/2014";348.5;337.8;349.7;335.5
"07/11/2014";341.5;348.5;350;341.1
"08/11/2014";345;342;345;340.5
"09/11/2014";360;343.7;360;342.5
"10/11/2014";368;360;372.5;355
"11/11/2014";367;366.5;367.2;361.3
"12/11/2014";417.9;375;431.1;375
"13/11/2014";419.4;428.3;445;387.5
"14/11/2014";399.1;410;414.6;385
"15/11/2014";376.5;400.5;406.3;371
"16/11/2014";388.2;380.6;391.9;380.3
"17/11/2014";387.6;388.9;407;376
"18/11/2014";370;388.6;390.9;370
"19/11/2014";379.2;373.1;381.6;372.1
"20/11/2014";355.9;380.5;380.6;353.4
"21/11/2014";349.3;353.5;356;346.1
"22/11/2014";346.4;350.9;360.3;346.1
"23/11/2014";360.6;347.5;360.6;346.7
"24/11/2014";373.2;365.3;387;327.8
"25/11/2014";375.8;373.5;390;373.1
"26/11/2014";367.9;377;378.3;365.8
"27/11/2014";369.6;369.3;373.5;368.1
"28/11/2014";375.6;369.9;380.3;359.5
"29/11/2014";374.5;375.3;383;372
"30/11/2014";376.7;374.7;380.3;373.1
"01/12/2014";377.6;376.7;380;374.9
"02/12/2014";382;377.4;382.6;376.9
"03/12/2014";375.7;381.4;383.1;374.3
"04/12/2014";370.3;375.8;378.9;364.8
"05/12/2014";378.4;368.8;380.6;367.2
"06/12/2014";372.8;378;379.1;371.1
"07/12/2014";374.4;373.9;376.7;370.9
"08/12/2014";363.3;375.2;375.6;361.7
"09/12/2014";353.9;363.2;364.4;345.5
"10/12/2014";346.9;354;356.2;343.5
"11/12/2014";350;346.6;363.3;343.6
"12/12/2014";352.8;350.4;357;349.9
"13/12/2014";350.9;352.6;352.6;348.3
"14/12/2014";352.7;350.6;356.8;347
"15/12/2014";347.2;354.1;354.1;346.3
"16/12/2014";330.6;348.1;348.1;330.6
"17/12/2014";318.2;333.4;337;315
"18/12/2014";308.3;318.6;321.1;303.6
"19/12/2014";315.7;309.3;317;306
"20/12/2014";329.1;315.8;330;314.9
"21/12/2014";317.2;328.4;328.4;316.9
"22/12/2014";329;318.2;329.2;317.5
"23/12/2014";332.9;330;335.2;326.1
"24/12/2014";322.8;333.6;334.3;322.8
"25/12/2014";319;322.6;323.1;317.9
"26/12/2014";328.5;319.2;329.8;317.5
"27/12/2014";315.9;327.1;327.1;312.7
"28/12/2014";317.5;317.3;318.6;312
"29/12/2014";311.9;319.6;321.5;311.9
"30/12/2014";308.8;314.4;315.3;307.9
"31/12/2014";317;309;317.6;308.6
"01/01/2015";313.9;317.5;317.5;312.9
"02/01/2015";315.1;313.6;316;313
"03/01/2015";282;314.8;314.8;282
"04/01/2015";258.8;282;288.9;258.8
"05/01/2015";273.2;261;276.5;260.5
"06/01/2015";285.4;273.2;287.8;268.5
"07/01/2015";297;286.1;303.8;285
"08/01/2015";285.6;296.2;296.2;285.6
"09/01/2015";292.8;285.4;295.6;283
"10/01/2015";275;292.4;292.4;271
"11/01/2015";266.2;274.8;280;265
"12/01/2015";267.6;267.2;281;265.5
"13/01/2015";229.8;267.3;267.6;222.5
"14/01/2015";183.2;230.3;230.5;164.9
"15/01/2015";217.7;181.1;234.5;176.5
"16/01/2015";206.7;216;225;200
"17/01/2015";201.2;207.2;211;198.2
"18/01/2015";209.9;202.9;218.3;197.1
"19/01/2015";213.2;211.2;216.2;208.8
"20/01/2015";218;215;218;208
"21/01/2015";225.5;219;225.5;219
"22/01/2015";226.3;245.5;257.7;216.6
"23/01/2015";235;230;235;215
"24/01/2015";240;215;250.6;215
"25/01/2015";254.5;248;256.3;245.3
"26/01/2015";274.5;262.8;322.7;241.4
"27/01/2015";263.6;274.7;278.5;244
"28/01/2015";236.1;264;266;228.5
"29/01/2015";235;235.9;242;221.1
"30/01/2015";229.1;235;244.6;227.9
"31/01/2015";218.4;229;234.7;217.1
"01/02/2015";229;218.7;233.8;210
"02/02/2015";237.8;228.4;240.1;220.9
"03/02/2015";228.6;237;243.9;225.3
"04/02/2015";227.1;228.8;231;221.5
"05/02/2015";216.8;227.1;228.9;215
"06/02/2015";223.2;216.8;226.6;216
"07/02/2015";229;223.2;230.5;222.7
"08/02/2015";224;229.2;231.6;220
"09/02/2015";221.1;224;225;216.4
"10/02/2015";220.9;221.1;222;215
"11/02/2015";219.8;221.4;223.3;218.1
"12/02/2015";222.4;220;223.2;217.8
"13/02/2015";236.1;222.6;242.5;221.5
"14/02/2015";257.2;236.1;261.2;235.5
"15/02/2015";235.9;257;268.3;228.2
"16/02/2015";233.6;235.9;243.3;229
"17/02/2015";244;233.5;246.3;231.5
"18/02/2015";236.3;244;245;231.7
"19/02/2015";240.2;236.3;243.4;235
"20/02/2015";244.5;240;248.3;238.9
"21/02/2015";245.6;244.5;247.7;243.3
"22/02/2015";236.5;245.5;247.8;232.4
"23/02/2015";239.4;236.5;241;232.6
"24/02/2015";239.7;239.4;241;236.7
"25/02/2015";238;239.7;240.8;235.6
"26/02/2015";236.9;238;238.3;233.8
"27/02/2015";255;236.9;262.6;236.6
"28/02/2015";255.7;255.1;257.4;251.3
"01/03/2015";262.4;255.7;266;245.8
"02/03/2015";277.3;262.4;279.6;259.2
"03/03/2015";283.8;277.3;290.3;268
"04/03/2015";273.3;283.8;286;267.4
"05/03/2015";277.7;273.3;284.5;262.9
"06/03/2015";273.2;277.7;277.9;269.7
"07/03/2015";277;273.4;280;270.6
"08/03/2015";275.6;277;278.7;272
"09/03/2015";291;275.6;295;279
"10/03/2015";292.7;291;303.8;290
"11/03/2015";296.7;292.6;298.7;291.1
"12/03/2015";295.6;296.7;298.8;292.4
"13/03/2015";283.3;295.5;295.9;282.1
"14/03/2015";282.6;283.2;287.5;281.4
"15/03/2015";286.9;282.6;287.8;283.4
"16/03/2015";291.2;286.9;295.1;289.3
"17/03/2015";285.3;291.2;292.8;283
"18/03/2015";257.3;285.1;285.2;249
"19/03/2015";261.9;257.3;267.9;248.1
"20/03/2015";262.2;262;267;259.4
"21/03/2015";260.5;262.2;263;255.5
"22/03/2015";268.8;260.5;270.8;259.8
"23/03/2015";267.2;268.8;271.5;262
"24/03/2015";246;267.2;268.4;241.5
"25/03/2015";245.9;246;250;235.7
"26/03/2015";249.2;246.3;255;246.3
"27/03/2015";246.5;249.2;250.4;245.3
"28/03/2015";252.9;246.5;255.4;246.5
"29/03/2015";242.4;252.9;250;239.5
"30/03/2015";247.9;242.7;248.7;246.9
"31/03/2015";244.3;247.9;248.8;242
"01/04/2015";246.9;244.5;248.5;239.5
"02/04/2015";253.2;246.9;254.9;244.6
"03/04/2015";254.2;253.2;256.4;250.7
"04/04/2015";253.6;254.2;255.7;250.4
"05/04/2015";260.5;253.6;261.3;251.6
"06/04/2015";255.6;260.5;262.4;253.7
"07/04/2015";253.7;255.6;257.9;253
"08/04/2015";244.9;253.7;255;243.1
"09/04/2015";243.6;244.9;246.8;236.5
"10/04/2015";236.1;243.6;243.7;230.8
"11/04/2015";236.9;236.1;240;233.8
"12/04/2015";236.4;236.9;238.7;232.8
"13/04/2015";225;236.4;237.7;220.3
"14/04/2015";220.2;225;225.8;216.4
"15/04/2015";224;220.2;224;219
"16/04/2015";228.5;224;230;223
"17/04/2015";222.4;228.5;229;219.6
"18/04/2015";223.1;222.4;224.2;219.9
"19/04/2015";222.2;223.1;226.8;222.1
"20/04/2015";224.2;222.2;227;221.5
"21/04/2015";235.8;224.2;236.2;224.2
"22/04/2015";234.1;237;239;232.4
"23/04/2015";236;234.1;237;233
"24/04/2015";231.4;236;236.2;228.7
"25/04/2015";226.1;231.4;232.7;225.8
"26/04/2015";219.7;226.1;221.5;214
"27/04/2015";227.7;219.7;232;218.2
"28/04/2015";225.3;227.1;228.1;222.2
"29/04/2015";225.2;225.3;227.8;222.7
"30/04/2015";236.1;225.2;240.2;224.6
"01/05/2015";231.8;236.1;239.2;231.3
"02/05/2015";234.8;231.8;235.8;231.8
"03/05/2015";240.7;234.8;243.7;235.7
"04/05/2015";238.5;240.6;243.6;237
"05/05/2015";235.9;238.5;239.4;231.1
"06/05/2015";229.3;235.9;236.8;227.3
"07/05/2015";237.3;229.3;239.8;227.8
"08/05/2015";244.5;237.3;248.5;236.2
"09/05/2015";242.5;244.5;249.1;240.1
"10/05/2015";240.6;242.5;245.9;238.8
"11/05/2015";242.5;240.7;245.5;238.5
"12/05/2015";241.8;242.5;244.4;240.9
"13/05/2015";235.8;241.9;245;234.3
"14/05/2015";236.7;235.7;238.2;232.1
"15/05/2015";237.3;236.7;238.9;233.9
"16/05/2015";235.7;237.3;237.6;234
"17/05/2015";236.2;235.7;238;235.6
"18/05/2015";232.8;236.1;237.3;229
"19/05/2015";231.7;232.8;235.7;231.2
"20/05/2015";234.2;231.7;235.2;231.6
"21/05/2015";235.3;234.2;236.5;233.9
"22/05/2015";241;235.3;241.8;234.6
"23/05/2015";238.8;241;241.2;237.6
"24/05/2015";240.9;238.8;243;238.6
"25/05/2015";237.1;241;241.1;236.1
"26/05/2015";237.4;237.1;238.5;235.3
"27/05/2015";236.9;237.4;239.3;235.6
"28/05/2015";236.9;236.9;237.5;235.9
"29/05/2015";236.5;236.9;237.2;235
"30/05/2015";232.5;236.5;236.7;230.7
"31/05/2015";228.7;232.5;232.7;227.1
"01/06/2015";222;228.7;230.9;219.8
"02/06/2015";224.7;222;226;221
"03/06/2015";225.1;224.7;227;222.3
"04/06/2015";223.2;225.1;225.8;222.6
"05/06/2015";224.5;223.2;229.2;222.7
"06/06/2015";225.6;224.5;226.9;223.9
"07/06/2015";223.3;225.7;226.7;222.3
"08/06/2015";228.8;223.3;230.6;223.3
"09/06/2015";229.1;228.8;232;227.8
"10/06/2015";228.6;229.1;229.9;227.5
"11/06/2015";229.8;228.6;230.7;228.6
"12/06/2015";229.4;230;231.3;229.1
"13/06/2015";232.9;229.4;233.5;228.4
"14/06/2015";233.5;232.9;235.4;232.5
"15/06/2015";237;233.5;238.2;233.4
"16/06/2015";252.1;237;253.9;236
"17/06/2015";248.9;252.1;259.1;246.1
"18/06/2015";249.5;248.9;253.7;243
"19/06/2015";244.6;249.5;252.1;243.7
"20/06/2015";245.4;244.6;245.9;240.1
"21/06/2015";244.3;245.4;245.7;241.1
"22/06/2015";246.7;244.3;248;243.5
"23/06/2015";244.3;246.7;247.4;242.3
"24/06/2015";239.8;244.3;244.3;239.5
"25/06/2015";242.1;239.8;243;239.5
"26/06/2015";243.3;242.1;243.9;240.6
"27/06/2015";251.6;243.3;251.8;242.6
"28/06/2015";248.7;251.6;252.1;247.3
"29/06/2015";256.7;248.7;257.7;248.6
"30/06/2015";262.9;256.7;268.9;254.7
"01/07/2015";258.1;262.9;264.8;253.5
"02/07/2015";254.5;258.1;262.6;253
"03/07/2015";256;254.5;256.9;252.1
"04/07/2015";260.6;256.1;261.9;253.6
"05/07/2015";265.2;260.6;265.3;258
"06/07/2015";274.8;270.1;276.5;268.1
"07/07/2015";265.5;268.8;268.9;263.3
"08/07/2015";270.8;269.5;271.4;267.4
"09/07/2015";269.2;270;272.8;268
"10/07/2015";286.7;269.2;292.7;268.6
"12/07/2015";311.1;300.6;316;300.5
"13/07/2015";292.6;311.1;312;284.5
"14/07/2015";286.9;292.6;297.1;286.1
"15/07/2015";285.4;286.9;294.4;283.5
"16/07/2015";278.9;285.4;294.3;275.2
"17/07/2015";279.9;278.9;281.5;272.1
"18/07/2015";277.3;279.9;283.3;276.1
"19/07/2015";275;277.3;279.2;274.7
"20/07/2015";280.3;275;280.5;273.5
"21/07/2015";275.8;280.2;282.1;275.3
"22/07/2015";278;275.8;278.4;274.5
"23/07/2015";276.5;278;278.4;275.6
"24/07/2015";288.6;276.5;289.9;276
"25/07/2015";289.4;288.6;292.4;286.4
"26/07/2015";293;289.4;294.5;288.1
"27/07/2015";294.8;293;298.7;286
"28/07/2015";295.2;294.8;298.9;293.6
"29/07/2015";289.9;295.2;295.4;286.6
"30/07/2015";288.2;289.9;291;285
"31/07/2015";284.5;288.2;289.9;282
"01/08/2015";280.3;284.5;285;276.5
"02/08/2015";282.5;280.3;283.3;276.3
"03/08/2015";281.3;282.4;287;279.7
"04/08/2015";285.5;281.3;285.9;281.3
"05/08/2015";282.6;285.5;285.9;281.6
"06/08/2015";279.1;282.6;282.6;278.1
"07/08/2015";280.1;279.1;281;276.1
"08/08/2015";261.3;280.2;280.3;260.6
"09/08/2015";265.6;261.3;267.6;260.7
"10/08/2015";265.1;265.6;267.7;262.2
"11/08/2015";272;265.1;272;264.8
"12/08/2015";267.1;272;273.8;265.8
"13/08/2015";264.5;267.1;268;263.3
"14/08/2015";266.1;264.5;268.9;262.1
"15/08/2015";262.1;266.3;267.8;261
"16/08/2015";259.9;262.2;262.9;256.5
"17/08/2015";258.5;259.9;262;257.5
"18/08/2015";183;258.5;258.5;171
"19/08/2015";226.2;194;239.4;194
"20/08/2015";235.5;226.3;237.8;226.3
"21/08/2015";232.2;235.5;236.4;230.5
"22/08/2015";230.3;232.2;234.6;222
"23/08/2015";228.5;230.3;232.9;225.6
"24/08/2015";210.5;228.1;228.6;208.5
"25/08/2015";222.7;210.5;227.9;198
"26/08/2015";226.2;222.7;232.2;220.1
"27/08/2015";225.8;226.1;229.2;224
"28/08/2015";231.8;225.8;237.3;220.1
"29/08/2015";230.8;231.8;233.9;227.2
"30/08/2015";230;230.8;233.5;225.8
"31/08/2015";231.4;230;233.7;225.3
"01/09/2015";228.2;231.4;232.3;226.6
"02/09/2015";229.7;228.2;231.8;226.5
"03/09/2015";227.3;229.7;229.9;226.2
"04/09/2015";230.9;227.3;231.6;227.1
"05/09/2015";235.8;230.9;239.7;230
"06/09/2015";241;235.8;246.5;235.5
"07/09/2015";240.9;241;243;239
"08/09/2015";244.2;240.9;247.7;240.3
"09/09/2015";238.9;244.2;245.6;238.5
"10/09/2015";239.5;238.9;241.9;237
"11/09/2015";240.6;239.5;242.9;239.4
"12/09/2015";235.8;240.6;241;235.3
"13/09/2015";231;235.8;236.9;228.9
"14/09/2015";230.9;231;233.8;228.4
"15/09/2015";230.9;230.9;232.9;229.5
"16/09/2015";229;230.9;232.1;227.4
"17/09/2015";233.6;229;235.7;229
"18/09/2015";233.8;233.6;236.2;232.5
"19/09/2015";232.1;233.8;234.2;231.4
"20/09/2015";232.1;232.1;233.2;231.4
"21/09/2015";227.2;232.1;233;226.4
"22/09/2015";231.3;227.2;233.3;224.5
"23/09/2015";230.5;231.1;233;230
"24/09/2015";234.6;230.5;236.3;230.5
"25/09/2015";235.3;234.6;237.6;233.1
"26/09/2015";234.6;235.3;235.9;233.8
"27/09/2015";233.4;234.6;234.8;233.1
"28/09/2015";240.4;233.4;241.4;233.4
"29/09/2015";236.8;240.4;241.5;236.6
"30/09/2015";236.5;236.8;238.8;235.1
"01/10/2015";238.5;236.5;240.1;236.2
"02/10/2015";237.9;238.5;240;237.3
"03/10/2015";239.8;237.9;241.1;237.7
"04/10/2015";239.5;239.8;240.9;239.3
"05/10/2015";242;239.5;242.7;237.2
"06/10/2015";247.4;242;249;241.5
"07/10/2015";244.2;247.4;247.9;243.5
"08/10/2015";243;244;245.6;242.6
"09/10/2015";244.8;243;245.4;242.6
"10/10/2015";246;244.8;246.4;243.6
"11/10/2015";247.9;246;248.7;244.8
"12/10/2015";246.1;248;248.4;245.4
"13/10/2015";251.3;246.2;253.4;244.1
"14/10/2015";253.5;251.3;255.9;250.1
"15/10/2015";255.2;253.5;257.5;253.4
"16/10/2015";263.5;255.2;267.8;254.9
"17/10/2015";272.9;263.5;275.1;258.3
"18/10/2015";265;272.9;274.6;263.3
"19/10/2015";265;265;268.3;262.4
"20/10/2015";271;265.1;273.9;264.5
"21/10/2015";267.8;271;272.3;264.1
"22/10/2015";275.8;267.8;280;267.3
"23/10/2015";279.2;275.8;280.9;275.1
"24/10/2015";284.2;279.2;284.5;279
"25/10/2015";284.8;284.2;296;281.2
"26/10/2015";287.2;284.7;287.9;282.3
"27/10/2015";295.2;287.2;298.7;287.1
"28/10/2015";304.5;295.3;308;295.3
"29/10/2015";314.9;304.5;321.1;301.5
"30/10/2015";328.2;314.9;336;313.8
"31/10/2015";316;328.2;335.4;307.2
"01/11/2015";330.7;316;333.5;313.6
"02/11/2015";365;330.2;372.5;326.8
"03/11/2015";405.3;365.3;423.9;361.9
"04/11/2015";409.2;405;503.4;366.7
"05/11/2015";388;409.2;449.1;371
"06/11/2015";375.6;387.9;396.7;351.5
"07/11/2015";384.6;375.6;392.2;371.7
"08/11/2015";374;384.9;390.3;365.7
"09/11/2015";381;374.1;388.8;360.9
"10/11/2015";340.2;381.1;383.4;327
"11/11/2015";314;340.2;343.6;300.8
"12/11/2015";336.6;314.3;346.2;314.1
"13/11/2015";338.5;337.6;343.6;326.2
"14/11/2015";333.4;338.5;340.7;329
"15/11/2015";321.1;333.4;336.4;315
"16/11/2015";332.1;320.5;335;315.2
"17/11/2015";336.3;332.1;342.5;331
"18/11/2015";336;336.3;338.8;328.1
"19/11/2015";326.5;335.9;336.4;324.5
"20/11/2015";322.2;326.5;326.8;309.5
"21/11/2015";327.5;322.2;329;319
"22/11/2015";324.7;327.8;327.9;320.4
"23/11/2015";323.6;324.7;327;320.9
"24/11/2015";320.1;323.6;323.8;315.8
"25/11/2015";329.9;320.1;331;316
"26/11/2015";354;329.9;369.1;329.4
"27/11/2015";358.9;354;366.7;348.2
"28/11/2015";358.7;358.9;362.1;351.2
"29/11/2015";373.3;358.6;376;355.6
"30/11/2015";376.9;373.9;384.5;370
"01/12/2015";362.7;376.9;380;353.2
"02/12/2015";359.1;362.7;363.1;346.2
"03/12/2015";360.7;359.1;371.1;352.9
"04/12/2015";363.2;360.5;364.4;354.3
"05/12/2015";390;363.2;394;362.2
"06/12/2015";390.6;390;406.8;386
"07/12/2015";396.7;390.6;403.8;384.9
"08/12/2015";420.8;396.7;421.4;388.4
"09/12/2015";418.7;422;426;406.5
"10/12/2015";414.9;418.7;421;411.2
"11/12/2015";456.3;414.9;457;414.8
"12/12/2015";435.7;457;475;404.4
"13/12/2015";433;435.6;443.8;418.3
"14/12/2015";442.6;432.5;448.1;427.6
"15/12/2015";466.5;442.6;467;442.5
"16/12/2015";455;466;467;440
"17/12/2015";455.8;455;458.5;446.3
"18/12/2015";463.5;455.6;466.6;452
"19/12/2015";462.5;463.5;467;452.8
"20/12/2015";442.6;462.4;462.7;431.8
"21/12/2015";437.9;442.6;445.9;424.9
"22/12/2015";435.6;437.5;443.6;433.5
"23/12/2015";442.6;435.6;445.8;434.6
"24/12/2015";456.1;442.6;459;442.5
"25/12/2015";455.5;456.1;460;445.9
"26/12/2015";416.5;455.5;459.3;405.5
"27/12/2015";422.4;416.5;424.9;407
"28/12/2015";420.2;422.3;429;417
"29/12/2015";431.9;420.1;432.2;418
"30/12/2015";424.7;431.8;434;420
"31/12/2015";429;424.7;432.6;412.5
"01/01/2016";434;429;436.5;426.3
"02/01/2016";432.7;434;435.8;430
"03/01/2016";428.7;432.7;433.1;422
"04/01/2016";432.9;428.6;435.7;427
"05/01/2016";431.8;432.9;434.9;428.2
"06/01/2016";428;431.8;432.2;425
"07/01/2016";459;428.9;461.9;427.1
"08/01/2016";454;458.8;465;446.8
"09/01/2016";449.2;454;456;447.5
"10/01/2016";449.4;449.2;450.3;441
"11/01/2016";449.3;449.4;452.5;443.6
"12/01/2016";432;449.3;449.6;429.3
"13/01/2016";431.1;432;436.4;416.4
"14/01/2016";429.3;431.1;434.9;426
"15/01/2016";358.9;429.3;429.4;358
"16/01/2016";388.4;359;392.4;353.2
"17/01/2016";382.1;388.4;392.8;378.8
"18/01/2016";387;382;389.4;375.1
"19/01/2016";379;387;388.4;377.4
"20/01/2016";419.4;378.9;428;375
"21/01/2016";411;419.5;424.6;405
"22/01/2016";381;411;411.2;371.3
"23/01/2016";385.6;381;394;379.9
"24/01/2016";402.8;385.6;407;385.1
"25/01/2016";391;402.8;402.8;384
"26/01/2016";391.3;391;398;387.5
"27/01/2016";395;391.3;397;389.7
"28/01/2016";378.4;394.7;395.5;375.6
"29/01/2016";377.6;378.4;385.3;360.2
"30/01/2016";377;377.6;380.5;374
"31/01/2016";365.5;377;378.9;362.6
"01/02/2016";371.4;365.5;379;363.3
"02/02/2016";372.9;371.4;374.8;369.9
"03/02/2016";369;372.9;374;366
"04/02/2016";389.8;369;393.9;368.6
"05/02/2016";386.5;389.8;392.6;384.5
"06/02/2016";373.8;386.5;386.5;366.4
"07/02/2016";372;373.7;377.8;369.2
"08/02/2016";370.5;372;376.7;369.1
"09/02/2016";374;370.5;377.6;370.3
"10/02/2016";380.9;374.3;386.5;373.1
"11/02/2016";378;380.9;383;372.3
"12/02/2016";383;378;383.5;377.1
"13/02/2016";393;382.9;393;382.6
"14/02/2016";408.3;393;408.7;393
"15/02/2016";399.9;408.3;412.5;395.4
"16/02/2016";407.3;399.9;408.8;398.7
"17/02/2016";414.9;407.3;421.7;405.3
"18/02/2016";421.5;414.9;426;413.1
"19/02/2016";420;421.5;422.5;412
"20/02/2016";438.7;419.8;445;419.7
"21/02/2016";440.5;438.7;451.2;428.3
"22/02/2016";440.3;440.5;442.5;433.4
"23/02/2016";421.1;440.3;442.6;416.3
"24/02/2016";426.4;421.4;427.5;410.7
"25/02/2016";424.9;426.4;430;419.5
"26/02/2016";435.3;424.9;435.3;420
"27/02/2016";434.2;435.5;438;431.8
"28/02/2016";434.5;434.2;437.8;422.1
"29/02/2016";439.2;434.5;444.8;430.5
"01/03/2016";434.8;439.2;442.8;428.5
"02/03/2016";422.2;434.8;436.3;421.1
"03/03/2016";420.6;422.1;424.4;416.4
"04/03/2016";408.8;420.6;424;407.7
"05/03/2016";397.4;408.8;410.1;389.7
"06/03/2016";403.9;397.4;409.5;392
"07/03/2016";412.7;403.8;415.3;401.6
"08/03/2016";411.4;412.6;415.9;406
"09/03/2016";412.9;411.4;414.5;407.8
"10/03/2016";416.5;413;417.2;410.7
"11/03/2016";420.5;416.5;423.6;415.5
"12/03/2016";410;420.5;421.8;406.5
"13/03/2016";411.8;410;416;410
"14/03/2016";416;411.9;417.9;411.8
"15/03/2016";415.5;415.9;418.8;412.8
"16/03/2016";417.3;415.5;418;414
"17/03/2016";418.8;417.3;420.6;416.7
"18/03/2016";407.7;418.8;418.9;403
"19/03/2016";408.4;407.7;410.7;404
"20/03/2016";411.3;408.4;413;407.9
"21/03/2016";411.9;411.3;412.1;406
"22/03/2016";417.7;411.9;418.7;409.9
"23/03/2016";418.1;417.7;419.7;415.8
"24/03/2016";415.3;418.1;418.1;414
"25/03/2016";416;415.3;417;413
"26/03/2016";416.7;416;418.7;414.5
"27/03/2016";427.4;416.7;431;415.8
"28/03/2016";424.1;427.4;428;422.4
"29/03/2016";415.8;424.1;426.4;407.5
"30/03/2016";413.2;416;416;408.6
"31/03/2016";416;413.2;418.3;413
"01/04/2016";417.6;416;417.6;414
"02/04/2016";420.3;417.9;422.8;417.5
"03/04/2016";420.6;420.3;421.7;417.6
"04/04/2016";420.5;420.6;421.2;416.3
"05/04/2016";423.8;420.5;424.6;419.6
"06/04/2016";422.6;423.8;424.5;421.7
"07/04/2016";422.3;422.6;422.9;417.8
"08/04/2016";418.5;422.3;424.5;415.5
"09/04/2016";418.5;418.5;418.8;412
"10/04/2016";421.3;418.5;422.8;417.5
"11/04/2016";423.7;421.3;423.9;418.8
"12/04/2016";426.6;423.7;430;423.7
"13/04/2016";424.8;426.6;427.7;423
"14/04/2016";426;424.8;426.4;424
"15/04/2016";431.5;426;432.4;426
"16/04/2016";432;431.5;435.7;430.5
"17/04/2016";428.5;432.5;433.5;426.4
"18/04/2016";430;428.5;430.9;426.5
"19/04/2016";437.8;430;439;428.5
"20/04/2016";444;437.8;446.5;436.6
"21/04/2016";452;443.9;454.5;442.3
"22/04/2016";447.8;452.3;453.1;444.5
"23/04/2016";453.7;447.8;454.6;445.7
"24/04/2016";463;453.7;465;450.2
"25/04/2016";461.8;463;471.6;455
"26/04/2016";468.1;461.8;472;461.8
"27/04/2016";445.1;468.1;469.7;443.4
"28/04/2016";450.5;444.9;450.8;435
"29/04/2016";455.3;450.5;457.4;445.8
"30/04/2016";446.6;455.3;456;445.1
"01/05/2016";451.1;446.6;453;445.7
"02/05/2016";443.7;451.1;452.5;436
"03/05/2016";450.4;443.7;452;440.1
"04/05/2016";447.4;450.4;451;445.1
"05/05/2016";448.4;447.4;450.4;446.1
"06/05/2016";461.2;448.4;465;448
"07/05/2016";460.2;461.2;463;458.3
"08/05/2016";459.9;460.2;461.6;456
"09/05/2016";461.6;459.9;465.4;457.8
"10/05/2016";450.7;461.6;464;446.2
"11/05/2016";452.3;450.7;454.7;450
"12/05/2016";455;452.3;456.1;445.9
"13/05/2016";455.8;455;457.5;452
"14/05/2016";455.8;455.8;458.5;454.1
"15/05/2016";457.9;455.8;460.7;454.7
"16/05/2016";453;457.9;459;451
"17/05/2016";453.2;453;454.9;451
"18/05/2016";453.5;453.2;456.9;451.5
"19/05/2016";435;453.5;454.7;433
"20/05/2016";441.6;434.5;443.1;433
"21/05/2016";440.8;441.6;442.2;437
"22/05/2016";437.5;440.8;441;435.1
"23/05/2016";443.7;437.5;444.4;436.5
"24/05/2016";445;443.5;447.8;442.4
"25/05/2016";449.1;445;450.4;443
"26/05/2016";454;449.1;454.7;446
"27/05/2016";472;454;482.3;453.6
"28/05/2016";527;472;541;471
"29/05/2016";531;527;567;512.5
"30/05/2016";532.9;531;548.4;521.1
"31/05/2016";530.7;532.9;546.5;518
"01/06/2016";536.8;530.7;546.1;523.8
"02/06/2016";538.8;536.8;543.7;532.4
"03/06/2016";570.9;538.8;579;535.8
"04/06/2016";572.7;570.9;593.7;561.5
"05/06/2016";574;572.9;586;565.2
"06/06/2016";585.2;574;588.5;574
"07/06/2016";576.9;585.2;592.1;561.3
"08/06/2016";583;576.9;585;571.1
"09/06/2016";575.5;583;583.7;570
"10/06/2016";580.1;575.5;582.4;572.5
"11/06/2016";614.5;580.1;615;579.3
"12/06/2016";671;614.6;685;607
"13/06/2016";705.9;672;719;659.9
"14/06/2016";684.5;705.9;705.9;656.5
"15/06/2016";696.9;684.5;699.1;669.2
"16/06/2016";769.5;697;778.5;697
"17/06/2016";748.7;769.5;780;703.1
"18/06/2016";757.6;748.7;789.7;721.6
"19/06/2016";767.3;757.6;771.9;740
"20/06/2016";743.9;767.3;767.7;724.3
"21/06/2016";668.9;705.8;715.8;668.9
"22/06/2016";606;669;688.2;588.9
"23/06/2016";625.8;605.6;638.2;555.6
"24/06/2016";666;625.8;680;625.8
"25/06/2016";664.9;665.5;698;642.8
"26/06/2016";627.4;664.9;667.9;614.3
"27/06/2016";662.2;627.4;662.2;617.3
"28/06/2016";646.3;662.2;664.3;633
"29/06/2016";639.7;646.6;646.6;622
"30/06/2016";674.7;640;677.5;635.6
"01/07/2016";674.8;674.7;690.6;667.6
"02/07/2016";705;674.8;705.3;673.4
"03/07/2016";659.3;706;707;644.4
"04/07/2016";681.3;659.3;684.2;644.5
"05/07/2016";667.8;681.3;682.7;659.3
"06/07/2016";677;667.8;682.6;667
"07/07/2016";640.5;677.4;682;610.1
"08/07/2016";664.8;640.5;666.6;634
"09/07/2016";648.1;664.8;664.8;624
"10/07/2016";649.7;648.1;651.5;636.9
"11/07/2016";648;649.7;662.5;643.4
"12/07/2016";667.2;648;678;645.6
"13/07/2016";653.7;667.1;669.9;652.5
"14/07/2016";659.8;653.7;666;650
"15/07/2016";665.5;659.8;669.6;658.2
"16/07/2016";665.3;665.5;669.6;659.1
"17/07/2016";683.2;665.3;689.7;663.6
"18/07/2016";674.3;683.2;686;666.5
"19/07/2016";675;674.3;676.6;666.3
"20/07/2016";665.8;675;676;661.3
"21/07/2016";665;665.8;668;657.6
"22/07/2016";648;665;668;640
"23/07/2016";654;648;657.1;645
"24/07/2016";661.8;654;664.1;650.5
"25/07/2016";654.2;661.8;664.4;650
"26/07/2016";648.5;654.2;657.6;640.6
"27/07/2016";654.5;648.5;657.1;646.6
"29/07/2016";658.3;657;660.4;654.5
"30/07/2016";655;658.3;660.5;651.8
"31/07/2016";623.7;655;655.1;621.3
"01/08/2016";608;622.7;627.3;605
"02/08/2016";604;608.3;615.3;595
"03/08/2016";604;608.3;615.3;595
"04/08/2016";604;608.3;615.3;595
"05/08/2016";604;608.3;615.3;595
"06/08/2016";604;608.3;615.7;595
"07/08/2016";604.1;604.1;604.1;604.1
"08/08/2016";604.1;604.1;604.1;604.1
"09/08/2016";604.1;604.1;604.1;604.1
"10/08/2016";590.3;604.1;614.5;579
"11/08/2016";591.3;590.5;599;587.8
"12/08/2016";585.5;591.3;593;584
"13/08/2016";583.7;585.5;590;582.1
"14/08/2016";569.4;583.7;583.7;564
"15/08/2016";564.6;569.4;574;563
"16/08/2016";574.2;564.6;579;564
"17/08/2016";571.8;574.2;577.9;569
"18/08/2016";572.2;571.8;578;569.7
"19/08/2016";573.5;572.3;577.2;570.8
"20/08/2016";582;573.5;582.8;571.3
"21/08/2016";581.4;582.1;584.2;580
"22/08/2016";588;581.4;590;581.4
"23/08/2016";583.5;588;590.7;581.1
"24/08/2016";580.3;583.5;586.9;580
"25/08/2016";577.2;580.3;581.1;574
"26/08/2016";578;577.2;579.5;575.1
"27/08/2016";568.5;578;578.9;567.2
"28/08/2016";574.2;568.5;574.4;568.3
"29/08/2016";574.8;574.2;578;573
"30/08/2016";579.5;574.8;580.2;574.2
"31/08/2016";576.2;579.5;579.5;572.7
"01/09/2016";572.7;576.2;578;571.5
"02/09/2016";579.8;572.7;581.1;570.6
"03/09/2016";609.9;579.8;612.4;576
"04/09/2016";614.5;609.9;618.7;604.6
"05/09/2016";611.5;614.5;615.7;605.7
"06/09/2016";615.2;611.5;616.7;609.8
"07/09/2016";619.8;615.1;620.6;610.8
"08/09/2016";631.7;619.8;636.2;617.8
"09/09/2016";626.3;631.7;633.5;621.3
"10/09/2016";628;626.3;629.7;624.9
"11/09/2016";612.1;628;635;598
"12/09/2016";611.6;612.1;615.2;608.1
"13/09/2016";614.2;611.6;618;610
"14/09/2016";613.9;614.2;617.4;612
"15/09/2016";611.8;613.9;617.3;611
"16/09/2016";610;611.8;614.2;609.5
"17/09/2016";607.7;610;610.6;605
"18/09/2016";613;607.7;615.9;607.4
"19/09/2016";609.8;613;615;608.9
"20/09/2016";600;609.8;612;600
"21/09/2016";597.4;600.1;600.1;592.7
"22/09/2016";597.1;597.4;598.7;596
"23/09/2016";603.3;597.1;604;596
"24/09/2016";602.5;603.3;605.8;601.5
"25/09/2016";600.4;602.5;603.6;597.6
"26/09/2016";609.1;600.4;610;599.9
"27/09/2016";605.5;609.1;609.9;602
"28/09/2016";603.8;605.5;605.8;603.1
"29/09/2016";604.6;603.8;607.8;603.2
"30/09/2016";611.1;604.6;612.9;604.3
"01/10/2016";614.1;611.1;616.9;611.1
"02/10/2016";609.1;614.1;614.2;607
"03/10/2016";612.6;609.1;613.2;608.9
"04/10/2016";611;612.7;614;609.6
"05/10/2016";614.1;610.7;617.3;610
"06/10/2016";613.5;614.1;615.9;612.7
"07/10/2016";620.1;613.5;621.2;613
"08/10/2016";620.5;620.1;622.9;617.9
"09/10/2016";616.6;620.5;620.9;614.4
"10/10/2016";618.9;616.6;620;615.9
"11/10/2016";641.7;618.9;646;618.1
"12/10/2016";637.6;641.9;644.1;637.3
"13/10/2016";637;637.6;643.7;636.4
"14/10/2016";643;637;645.4;636.7
"15/10/2016";640.2;643;645.7;637.9
"16/10/2016";644.2;640.2;645.8;639.8
"17/10/2016";639.8;644.2;644.6;637.8
"18/10/2016";638.8;639.8;641.7;632.9
"19/10/2016";631.8;638.7;643.9;627.8
"20/10/2016";632.5;631.8;633.6;628
"21/10/2016";636.7;632.5;639;632
"22/10/2016";665;636.7;671;635.1
"23/10/2016";659;665;671.4;656
"24/10/2016";654.7;659;659;654
"25/10/2016";659.5;654.7;670;652.7
"26/10/2016";678.7;659.5;685.6;658.5
"27/10/2016";688.7;678.7;690.6;676.7
"28/10/2016";693.5;688.7;695;681.6
"29/10/2016";714.5;693.5;724;692.3
"30/10/2016";702.5;714.5;716.6;697.8
"31/10/2016";704.1;702.5;706;688
"14/11/2016";707.4;708.1;709;699
"15/11/2016";712.2;707.4;720;707.4
"16/11/2016";745;712.2;747.5;710.1
"17/11/2016";740.7;745;762.4;735
"18/11/2016";754;740.7;756.9;734.5
"19/11/2016";752.9;754;760;740
"20/11/2016";729.7;752.9;757;712
"21/11/2016";739;729.7;740.6;728.1
"22/11/2016";750;739;753.9;733.3
"23/11/2016";742;749.8;750.9;730.8
"24/11/2016";737.7;742;744.3;727.6
"25/11/2016";740.4;737.7;741.1;730
"26/11/2016";731.2;740.4;741;720
"27/11/2016";725;731.2;736.2;722.5
"28/11/2016";731.5;724.9;735;724.9
"29/11/2016";731;731.5;733.9;728.7
"30/11/2016";739;731;743.1;729.1
"01/12/2016";755.4;739;756;738.8
"02/12/2016";774.9;755.4;779.2;755.2
"03/12/2016";765.3;774.9;774.9;756
"04/12/2016";768.5;765.5;770;760.9
"05/12/2016";750.6;768.5;769;744.6
"06/12/2016";757.4;750.6;758.5;750.4
"07/12/2016";765;757.2;772.2;749.1
"08/12/2016";765;765;773.2;762.7
"09/12/2016";770.5;765;772.7;765
"10/12/2016";772.9;770.5;777.8;770
"11/12/2016";770.2;772.9;773.7;761.8
"12/12/2016";778;770.2;784.1;770.2
"13/12/2016";775;778;788.9;763.7
"14/12/2016";774.5;775;781.2;771.2
"15/12/2016";777.4;774.5;780.1;774.5
"16/12/2016";784.2;777.4;785;775.9
"17/12/2016";791;784.2;793;784.2
"18/12/2016";790.2;791;792.8;784.4
"19/12/2016";790.6;790.2;792.2;788
"20/12/2016";798;790.6;802.3;788
"21/12/2016";830;798.8;830.5;795
"22/12/2016";859.2;829.3;873.9;825
"23/12/2016";919;859.2;920;859
"24/12/2016";895.2;919;919.8;882.8
"25/12/2016";898;895.2;901.5;858.6
"26/12/2016";906.4;898;920;894.2
"27/12/2016";936.3;906.4;940;903.5
"28/12/2016";981.7;936.4;983;936.4
"29/12/2016";972.6;981.7;983;949
"30/12/2016";959.3;974.7;974.7;929.8
"31/12/2016";966.6;959.2;968;945
"01/01/2017";999;966.6;1006.5;961.3
"02/01/2017";1019.3;999.2;1034.8;997.3
"03/01/2017";1037.5;1019.3;1038.7;1013.5
"04/01/2017";1139.6;1037.5;1150;1036.4
"05/01/2017";1003.2;1139.8;1166;865.4
"06/01/2017";898;1003.8;1025;871
"07/01/2017";908.8;898.5;911;816.1
"08/01/2017";915.9;908.8;942.5;890
"09/01/2017";903;915.9;916.1;876.3
"10/01/2017";905.8;903;917.9;895.5
"11/01/2017";778.6;905.8;922.6;760
"12/01/2017";804.6;779.5;831.2;738.7
"13/01/2017";828.1;804.6;832.3;776
"14/01/2017";815.3;828.1;838.5;800.7
"15/01/2017";820.7;815.3;823;805.1
"16/01/2017";830.1;820.7;837.9;814.8
"17/01/2017";904;830.1;910.8;828
"18/01/2017";887.8;904;913.8;847.3
"19/01/2017";900.3;887.6;908.2;884.6
"20/01/2017";896;900.3;904.5;883.3
"21/01/2017";924;895.7;931;893.9
"22/01/2017";923.7;924;939.7;892
"23/01/2017";910;923.7;928.8;910
"24/01/2017";886.1;908.4;927;884.2
"25/01/2017";893.3;886.1;899.6;884.2
"26/01/2017";915.1;893.3;917.6;893.3
"27/01/2017";916.7;915.1;922.2;905
"28/01/2017";919.4;916.7;924;915
"29/01/2017";912.6;919.4;923;910.7
"30/01/2017";917.4;912.5;920.8;910
"31/01/2017";966.2;917.4;969.4;916.8
"01/02/2017";983.7;966.2;985;960.1
"02/02/2017";1005.7;983.7;1010.5;970.1
"03/02/2017";1015.7;1007;1020.5;988.3
"04/02/2017";1031.1;1016.8;1040;1001.6
"05/02/2017";1006.6;1031.1;1033;996.3
"06/02/2017";1022.6;1006.6;1026.2;1006
"07/02/2017";1052.1;1022.6;1056.3;1021.7
"08/02/2017";1048.8;1052.5;1068;1013.2
"09/02/2017";985;1049;1078;936.4
"10/02/2017";992;985;1002;949.4
"11/02/2017";1000.3;992.1;1009;984.2
"12/02/2017";996;1000.1;1005.4;992.3
"13/02/2017";996.5;996;1004.5;975.9
"14/02/2017";1013.7;996.5;1019;988.9
"15/02/2017";1013.8;1013.3;1017.3;1002.4
"16/02/2017";1038.4;1013.9;1045.7;1013.9
"17/02/2017";1056.2;1038.5;1065.8;1034.1
"18/02/2017";1059.8;1056.2;1071.1;1053.1
"19/02/2017";1056.2;1059.8;1066;1045
"20/02/2017";1091.2;1056.2;1100.3;1044.1
"21/02/2017";1129.6;1091.3;1134;1085
"22/02/2017";1125.3;1129.6;1140;1106.4
"23/02/2017";1190.9;1125.5;1196.9;1120.4
"24/02/2017";1185.1;1189.9;1222.2;1111.1
"25/02/2017";1153;1185.4;1189.9;1131.5
"26/02/2017";1178.3;1153;1185.9;1130.9
"27/02/2017";1195.5;1178.3;1202.6;1171
"28/02/2017";1189.1;1196;1216;1177.8
"01/03/2017";1232.8;1189.1;1233.5;1186
"02/03/2017";1262.3;1232.9;1283.1;1213
"03/03/2017";1288.2;1257.6;1294.7;1256.6
"04/03/2017";1267.8;1289.1;1291.8;1240.1
"05/03/2017";1278.4;1267.8;1279.8;1245.3
"06/03/2017";1279.3;1278.4;1287.8;1268.6
"07/03/2017";1232.4;1279.2;1281.8;1185.9
"08/03/2017";1149.3;1232.4;1243.6;1142.2
"09/03/2017";1190.4;1150;1207.5;1136
"10/03/2017";1113.6;1190.4;1328.8;971
"11/03/2017";1172.8;1113.5;1196.1;1107
"12/03/2017";1225.2;1172.4;1232.6;1167.5
"13/03/2017";1238.5;1224.4;1246.9;1207.5
"14/03/2017";1245;1238.5;1257.9;1218.9
"15/03/2017";1256.1;1245;1262;1241.3
"16/03/2017";1169;1256.1;1259.7;1132.5
"17/03/2017";1068.4;1169.1;1169.6;1066
"18/03/2017";971;1067.8;1097.1;935.1
"19/03/2017";1016.1;971.9;1058.9;971
"20/03/2017";1039;1016.5;1052.1;1011.2
"21/03/2017";1115;1040.4;1120.9;1040.1
"22/03/2017";1039.1;1115.9;1116;986.3
"23/03/2017";1033;1039.4;1055;1018
"24/03/2017";943.1;1032.7;1034.2;928.3
"25/03/2017";972.2;942.1;980;891
"26/03/2017";969;971.3;1005.5;950.1
"27/03/2017";1042.7;968.9;1046.9;960.1
"28/03/2017";1044.7;1042.8;1066.5;1016.8
"29/03/2017";1041.8;1044.7;1058.9;1009.3
"30/03/2017";1041;1041.7;1053.5;1022.2
"31/03/2017";1081.7;1042.1;1089.4;1041
"01/04/2017";1093.2;1081.3;1106.9;1070.2
"02/04/2017";1107.6;1093.5;1118.2;1081
"03/04/2017";1150.2;1107.8;1159.9;1107.8
"04/04/2017";1145;1150.1;1161.9;1124.1
"05/04/2017";1140.6;1145.8;1146.7;1112.3
"06/04/2017";1191.5;1140.3;1206.4;1140.3
"07/04/2017";1196.6;1191.5;1208.9;1176.7
"08/04/2017";1188.1;1196.6;1202.6;1171.3
"09/04/2017";1215.9;1188.1;1226.9;1180.2
"10/04/2017";1220.3;1215.9;1229.9;1208.1
"11/04/2017";1235.6;1220.3;1243.4;1209.1
"12/04/2017";1227.4;1236.9;1239;1221
"13/04/2017";1187;1227.4;1235.1;1163.5
"14/04/2017";1206.8;1187;1219.1;1184
"15/04/2017";1193.3;1206.8;1215;1190
"16/04/2017";1212;1193.3;1217.6;1190.4
"17/04/2017";1240;1212.5;1247;1202.2
"18/04/2017";1265.4;1240;1274.8;1237
"19/04/2017";1260.5;1265.4;1272;1255
"20/04/2017";1308.4;1260.5;1325.7;1260.1
"21/04/2017";1325.6;1308.7;1333.1;1307.5
"22/04/2017";1347.5;1327.1;1353.1;1290.1
"23/04/2017";1355.2;1346.4;1359;1336
"24/04/2017";1345;1355.3;1359.6;1326.9
"25/04/2017";1370.3;1345;1378.5;1342.1
"26/04/2017";1399.3;1371;1411.7;1365.1
"27/04/2017";1440.3;1399.3;1449.7;1392.5
"28/04/2017";1415.6;1440.3;1447;1368.3
"29/04/2017";1423.6;1415.6;1436.6;1401.5
"30/04/2017";1435.2;1425.4;1443.5;1403.3
"01/05/2017";1533.1;1435;1560;1432
"02/05/2017";1560;1533;1604.6;1479.2
"03/05/2017";1617.8;1558.5;1626.9;1542
"04/05/2017";1607.1;1619.4;1701.9;1521.1
"05/05/2017";1545.1;1607.2;1665.5;1511.7
"06/05/2017";1597.1;1545.1;1605;1545
"07/05/2017";1619.9;1597;1631.3;1575.1
"08/05/2017";1703.2;1619.8;1715;1618.9
"09/05/2017";1760;1703.5;1813.9;1695.1
"10/05/2017";1796.8;1759.8;1817.4;1722.3
"11/05/2017";1853.9;1796.9;1908;1766.6
"12/05/2017";1735;1853.9;1864.8;1700.8
"13/05/2017";1820.4;1735;1824;1666
"14/05/2017";1828.1;1820.6;1852.4;1780
"15/05/2017";1772.5;1826.8;1828.5;1720
"16/05/2017";1785.7;1772;1795.1;1728
"17/05/2017";1870;1786.2;1892.9;1766.4
"18/05/2017";1941.5;1870;1949.9;1861
"19/05/2017";1966.5;1941.5;2000;1925
"20/05/2017";2059.7;1966.5;2072.2;1963.6
"21/05/2017";2029.2;2059.3;2099.1;2001
"22/05/2017";2085.5;2026.5;2219.9;1979.2
"23/05/2017";2249.3;2087.5;2262.9;2060
"24/05/2017";2394.8;2250;2443.8;2247.7
"25/05/2017";2252;2392.6;2689;2142.1
"26/05/2017";2127.3;2268.1;2477;2008.7
"27/05/2017";1972.3;2125.9;2207.9;1810
"28/05/2017";2056.6;1980;2193;1955.5
"29/05/2017";2207.4;2056.9;2249.8;1990.1
"30/05/2017";2146.7;2207.4;2263.1;2080.4
"31/05/2017";2191.8;2147.3;2240.1;2002.1
"01/06/2017";2311.6;2191.8;2366.7;2187.4
"02/06/2017";2405.9;2312;2407.8;2271.9
"03/06/2017";2461;2405.9;2481;2348
"04/06/2017";2488.2;2461.6;2498;2376.4
"05/06/2017";2636.2;2488.2;2637.5;2480
"06/06/2017";2843.6;2636.9;2896.5;2620
"07/06/2017";2642.6;2844.6;2850;2600.2
"08/06/2017";2782.1;2642;2789.3;2570.1
"09/06/2017";2809;2781.5;2849.8;2769.6
"10/06/2017";2806;2809.9;2890.5;2750.8
"11/06/2017";2936.3;2806;3000;2793.8
"12/06/2017";2571.8;2941.8;2961.9;2298.2
"13/06/2017";2676.4;2570;2730;2532.6
"14/06/2017";2395;2677.1;2720;2284.4
"15/06/2017";2377.4;2394.3;2455;2050
"16/06/2017";2437;2377.5;2480;2261.2
"17/06/2017";2610;2435.5;2636.9;2368.7
"18/06/2017";2491.5;2610.1;2635;2421
"19/06/2017";2580.8;2494.9;2592.7;2481.4
"20/06/2017";2712.2;2585;2779.6;2568.2
"21/06/2017";2621.2;2715.3;2760;2573.3
"22/06/2017";2672.8;2624.4;2709;2554.8
"23/06/2017";2674.9;2672.8;2725.3;2652.8
"24/06/2017";2502.6;2674.9;2700;2454.1
"25/06/2017";2477.7;2502.6;2595;2369.1
"26/06/2017";2394.6;2480;2510.4;2258.7
"27/06/2017";2521.2;2393.5;2524;2208.1
"28/06/2017";2518.2;2521.3;2561.1;2403.2
"29/06/2017";2470.1;2518.2;2537;2424.1
"30/06/2017";2420.7;2472.4;2511.1;2406.6
"01/07/2017";2349.5;2420.6;2440.9;2291
"02/07/2017";2445;2346.2;2470;2302
"03/07/2017";2524;2445.1;2584;2416.2
"04/07/2017";2582.6;2525.9;2628;2512.4
"05/07/2017";2598.5;2579.9;2617.6;2482.5
"06/07/2017";2593.1;2598.6;2603.3;2546
"07/07/2017";2479.3;2593.2;2598;2447
"08/07/2017";2542;2479.3;2542.6;2436.8
"09/07/2017";2478;2542;2555.6;2473.7
"10/07/2017";2318.3;2477.9;2498.1;2240
"11/07/2017";2282.1;2318.3;2372.8;2183.3
"12/07/2017";2374.4;2285.6;2394;2195.8
"13/07/2017";2329;2375.6;2400;2293.8
"14/07/2017";2205.1;2329.4;2345.6;2138
"15/07/2017";1978.6;2206.5;2210.1;1975.7
"16/07/2017";1924.9;1979.7;2048.8;1835.8
"17/07/2017";2219;1925;2223.3;1924.1
"18/07/2017";2302.1;2220;2380.2;2139.8
"19/07/2017";2253.1;2302.2;2399.9;2214.2
"20/07/2017";2856.3;2253.3;2919.9;2253.3
"21/07/2017";2664;2874.5;2874.5;2615
"22/07/2017";2845.7;2659;2912.9;2642.8
"23/07/2017";2747.5;2845.7;2875.7;2656.2
"24/07/2017";2769.7;2750.1;2812;2707.3
"25/07/2017";2560.9;2769.7;2790.1;2435.7
"26/07/2017";2525.7;2560.9;2612;2404.6
"27/07/2017";2664.9;2527.7;2682.2;2511
"28/07/2017";2784.8;2664.6;2819.9;2655.5
"29/07/2017";2714.1;2784.8;2794.2;2662.6
"30/07/2017";2749;2713.7;2756.2;2595
"31/07/2017";2856;2748.9;2883.5;2694.8
"01/08/2017";2731.2;2854.3;2901.6;2615.8
"02/08/2017";2702;2733.8;2757.8;2640
"03/08/2017";2790.3;2702;2813;2698
"04/08/2017";2860;2790.3;2874.8;2762.6
"05/08/2017";3256.4;2860;3331.9;2855
"06/08/2017";3227.9;3255;3309.8;3156
"07/08/2017";3396.7;3232.5;3440;3190
"08/08/2017";3415;3395;3482.9;3343.8
"09/08/2017";3339.9;3415;3424.4;3236.8
"10/08/2017";3407.9;3340.2;3444.4;3310
"11/08/2017";3644.1;3404.7;3690.6;3380
"12/08/2017";3865.5;3643.4;3965.4;3590
"13/08/2017";4053.3;3866.2;4183.7;3836.1
"14/08/2017";4319.5;4061.6;4330.3;3969.3
"15/08/2017";4151.9;4321;4430;3841.9
"16/08/2017";4386.3;4160;4403.6;3928.1
"17/08/2017";4260;4386.4;4489.1;4178.1
"18/08/2017";4090.2;4269.7;4359;3957
"19/08/2017";4145.1;4088.2;4184.1;3920
"20/08/2017";4064.3;4145;4192;4040.9
"21/08/2017";4002.5;4066.3;4093.5;3956.4
"22/08/2017";4074;3998.9;4140;3600
"23/08/2017";4129.1;4086.9;4248.6;4055.9
"24/08/2017";4325.2;4135;4370.8;4093
"25/08/2017";4351.5;4324.1;4461.2;4277.4
"26/08/2017";4341.7;4351.5;4364;4243.6
"27/08/2017";4331.8;4340.2;4405.7;4305
"28/08/2017";4383.8;4330.7;4395.2;4175.7
"29/08/2017";4587.1;4385.1;4644.2;4336.7
"30/08/2017";4569;4586.6;4641.1;4481.1
"31/08/2017";4718.2;4567.9;4749.9;4567.9
"01/09/2017";4904.9;4718.3;4927.4;4660.7
"02/09/2017";4534.4;4911.8;4969;4400.5
"03/09/2017";4595;4534.2;4699.8;4331
"04/09/2017";4200.4;4599.2;4606;4056.5
"05/09/2017";4374.9;4210.6;4469.9;3900.1
"06/09/2017";4589.1;4375;4631.4;4361.4
"07/09/2017";4613.5;4594.6;4672.8;4465.3
"08/09/2017";4305.8;4613.5;4686.2;4107.1
"09/09/2017";4317.9;4304;4381.2;4159.4
"10/09/2017";4232.1;4315.4;4325;3975.8
"11/09/2017";4203;4234.9;4373.1;4123
"12/09/2017";4142.9;4198.9;4378.4;4055.5
"13/09/2017";3849.7;4149.4;4159.6;3734
"14/09/2017";3238.1;3850.2;3917.2;3206.2
"15/09/2017";3698;3237.4;3809;2981
"16/09/2017";3685.4;3697.1;3874;3511.1
"17/09/2017";3666.3;3680.1;3775.9;3476.3
"18/09/2017";4084.1;3667;4113.9;3667
"19/09/2017";3900;4084.4;4110;3836.2
"20/09/2017";3873.2;3892.2;4048;3834.1
"21/09/2017";3603.4;3875.5;3903.7;3564.4
"22/09/2017";3598.5;3597.3;3743.6;3493.5
"23/09/2017";3779.6;3598.7;3808;3559.1
"24/09/2017";3652.8;3779.6;3781.3;3620
"25/09/2017";3930;3654.7;3977;3654.7
"26/09/2017";3879.1;3930;3983;3850.9
"27/09/2017";4205.4;3881.6;4226.5;3878.1
"28/09/2017";4190;4207.5;4268.6;4125
"29/09/2017";4169.9;4190;4244.6;4024.7
"30/09/2017";4367;4168.1;4393.4;4160.1
"01/10/2017";4404.3;4366.6;4420.5;4257.7
"02/10/2017";4400.1;4404.3;4482;4359.8
"03/10/2017";4311.1;4399.3;4439.9;4222
"04/10/2017";4215.1;4310.6;4353.8;4177.7
"05/10/2017";4315.4;4215.9;4364.6;4134.9
"06/10/2017";4371;4312.6;4424.5;4294
"07/10/2017";4436;4370;4477.1;4316.1
"08/10/2017";4613.1;4435.9;4630;4417.6
"09/10/2017";4782.3;4612.4;4874.9;4551.3
"10/10/2017";4777;4782.3;4940;4717.5
"11/10/2017";4824.9;4777.7;4879.5;4715
"12/10/2017";5428.5;4824.9;5437.6;4815.1
"13/10/2017";5636.8;5440;5874.3;5376
"14/10/2017";5835;5636.8;5854.3;5567.3
"15/10/2017";5698.6;5838.7;5876.9;5450
"16/10/2017";5764.4;5712.2;5803.2;5570.4
"17/10/2017";5597.1;5764.8;5779;5511
"18/10/2017";5565;5597.7;5597.9;5114.3
"19/10/2017";5694;5574.8;5741;5505.8
"20/10/2017";5984.5;5694;6082.2;5606.4
"21/10/2017";6005.1;5984.9;6190;5873.6
"22/10/2017";5980.5;6005.1;6069.6;5717.9
"23/10/2017";5906.9;5980.5;6051;5639.8
"24/10/2017";5509.5;5902.5;5902.5;5457.5
"25/10/2017";5720;5509.9;5743.9;5367.9
"26/10/2017";5890;5724.2;5966.6;5680.5
"27/10/2017";5759.6;5890;6010.2;5681.2
"28/10/2017";5720.6;5759.8;5863.9;5634.7
"29/10/2017";6156;5718.1;6330;5662.9
"30/10/2017";6125.3;6146;6237.2;6010
"31/10/2017";6458.3;6129.9;6472.1;6082.7
"01/11/2017";6727.3;6450.2;6727.3;6348
"02/11/2017";7019.9;6735;7315.1;6724.5
"03/11/2017";7278.4;7018.9;7447.5;6926.5
"04/11/2017";7369;7104;7521.1;6936.5
"05/11/2017";7382;7370.9;7595;7272
"06/11/2017";6955;7355.1;7429.5;6915.1
"07/11/2017";7103.3;6959.6;7214.4;6959
"08/11/2017";7442.4;7102;7895;7029.9
"09/11/2017";7126.2;7447;7447;7017.6
"10/11/2017";6542.2;7123.3;7313.1;6405.2
"11/11/2017";6300.7;6541.2;6788;6166
"12/11/2017";5822.1;6282.4;6465;5426
"13/11/2017";6474.6;5806.5;6680;5786.1
"14/11/2017";6579.2;6476.5;6687.8;6315.4
"15/11/2017";7278.3;6589.9;7310.2;6589.9
"16/11/2017";7864.2;7273.7;8012.9;7099.9
"17/11/2017";7677.9;7865;8029.8;7511.1
"18/11/2017";7773.3;7674.1;7867;7419.5
"19/11/2017";8054.2;7770.6;8126.9;7652
"20/11/2017";8245.1;8052.8;8310.2;7943.4
"21/11/2017";8097.3;8245.1;8380;7790
"22/11/2017";8230.1;8097.3;8310;8064.3
"23/11/2017";7977.1;8230;8267.6;7977.1
"24/11/2017";8191.6;7977;8350.7;7873
"25/11/2017";8766.2;8191.6;8770;8132.9
"26/11/2017";9316;8791;9495;8769.2
"27/11/2017";9728.8;9303.9;9760.7;9268.9
"28/11/2017";9898;9727.1;9977.8;9608.3
"29/11/2017";9749.4;9891.9;11427.2;9001.1
"30/11/2017";9907;9771.9;10540;8821
"01/12/2017";10869;9907;10949;9370.1
"02/12/2017";10881;10852;11187;10627
"03/12/2017";11157;10880;11842;10299
"04/12/2017";11595;11162;11598;10788
"05/12/2017";11595;11611;11949;11414
"06/12/2017";13527;11590;13598;11590
"07/12/2017";16601;13500;16639;13154
"08/12/2017";15869;16608;17160;13774
"09/12/2017";14660;15829;16300;13021
"10/12/2017";14997;14660;15728;12748
"11/12/2017";16754;14937;17443;14937
"12/12/2017";16967;16754;17500;16234
"13/12/2017";16181;17010;17288;15674
"14/12/2017";16383;16122;16999;15870
"15/12/2017";17522;16396;18098;16352
"16/12/2017";19187;17569.5;19548;17098
"17/12/2017";18971;19210;19891;18622
"18/12/2017";18934;18959;19171;18010
"19/12/2017";17345;18931;18987;16500
"20/12/2017";16425;17340;17709;15500
"21/12/2017";15666.8;16433;17333;14827
"22/12/2017";13170;15650;15826;10718
"23/12/2017";14035;13173;14986;12755
"24/12/2017";13476;14036;14047;11601.2
"25/12/2017";13623;13517;14278;12678
"26/12/2017";15679;13627;16048;13550
"27/12/2017";15374;15680;16494;14463
"28/12/2017";14315;15374;15467;13232
"29/12/2017";14317;14323;15105;13847
"30/12/2017";12377;14308;14403;11690
"31/12/2017";13800;12385;14140;12183.9
"01/01/2018";13354;13794;13893;12787
"02/01/2018";14709.8;13448;15300;12810
"03/01/2018";15155;14713;15428;14522
"04/01/2018";15160;15150;15390;14064
"05/01/2018";16917;15159;17101;14769
"06/01/2018";17161;16911;17252;16251
"07/01/2018";16196;17163;17176;15726
"08/01/2018";14930;16216;16279;13760
"09/01/2018";14423;14902;15355;14122
"10/01/2018";14896;14426;14896;13338
"11/01/2018";13266;14895;14949.8;12639
"12/01/2018";13783;13248;14095;12778
"13/01/2018";14191;13794;14580;13760
"14/01/2018";13558;14190;14391;12874.3
"15/01/2018";13575;13558;14350;13307
"16/01/2018";11072;13594;13604;9949.4
"17/01/2018";11082;11059;11490;9231.1
"18/01/2018";11045;11101;11881;10515
"19/01/2018";11476;11036;11879;10649
"20/01/2018";12728;11462;13002;11425
"21/01/2018";11514;12732;12732;11020
"22/01/2018";10771;11519;11886;10009
"23/01/2018";10819;10770;11383;9901.1
"24/01/2018";11414;10811;11529;10454
"25/01/2018";11146;11402;11723;10857
"26/01/2018";11070;11144;11647;10298
"27/01/2018";11461;11068;11683;10822
"28/01/2018";11839;11455.1;12181;11398
"29/01/2018";11212;11836;11957;11074
"30/01/2018";10175;11215;11250;9864.9
"31/01/2018";10284;10170;10411;9761
"01/02/2018";9181.1;10278;10311;8941
"02/02/2018";8895.8;9181;9201;7972.2
"03/02/2018";9219.4;8887.1;9495;8189.6
"04/02/2018";8200;9225.1;9403.3;7840
"05/02/2018";6949.9;8185.2;8378;6658.8
"06/02/2018";7673.8;6946.6;7860;6000
"07/02/2018";7587;7679.4;8488.2;7175.1
"08/02/2018";8235.1;7585;8648.8;7579.6
"09/02/2018";8683.2;8240;8748;7734.7
"10/02/2018";8563.1;8678.1;9074.3;8152.1
"11/02/2018";8069;8563;8569;7851
"12/02/2018";8900.6;8070;9000;8070
"13/02/2018";8515.9;8902.9;8952.8;8339.7
"14/02/2018";9455.4;8515.9;9488;8512.6
"15/02/2018";9996.9;9454.3;10175;9338.8
"16/02/2018";10162;9996;10270;9674.9
"17/02/2018";11053.5;10161;11083;10050
"18/02/2018";10372;11062;11250;10122
"19/02/2018";11173;10398;11250;10308
"20/02/2018";11218;11172;11776;11101
"21/02/2018";10455;11216;11239;10200
"22/02/2018";9830;10453.2;10912;9740
"23/02/2018";10145;9826.5;10395;9583.9
"24/02/2018";9666.3;10144;10499;9350.3
"25/02/2018";9557.4;9666.3;9840;9284.3
"26/02/2018";10321;9583;10437;9359.9
"27/02/2018";10569;10320;10880;10133
"28/02/2018";10315;10583;11063;10270
"01/03/2018";10925;10316;11087;10224
"02/03/2018";11025;10908;11189;10766
"03/03/2018";11440;11024;11526;11024
"04/03/2018";11501;11454;11544;11061
"05/03/2018";11416;11497;11696;11390
"06/03/2018";10720;11403;11403;10578
"07/03/2018";9902.9;10779;10899;9422.1
"08/03/2018";9300;9910.7;10109;9037
"09/03/2018";9217;9301.9;9420.5;8351
"10/03/2018";8762;9216.2;9500;8691.1
"11/03/2018";9528;8764.4;9726.1;8429
"12/03/2018";9121;9528;9894.7;8776.8
"13/03/2018";9135;9130.2;9479;8827.7
"14/03/2018";8186.6;9135.2;9400.1;7923.8
"15/03/2018";8252.9;8181.3;8416.7;7666.3
"16/03/2018";8251;8250.1;8602.7;7903.2
"17/03/2018";7851;8250;8350.1;7729.5
"18/03/2018";8200.2;7832;8285.6;7240
"19/03/2018";8600.1;8209;8689.9;8100
"20/03/2018";8899.7;8600.2;9025;8309.6
"21/03/2018";8900.1;8899.8;9175.2;8755.7
"22/03/2018";8706.4;8888.6;9088;8453.1
"23/03/2018";8908;8703.8;8910;8272.8
"24/03/2018";8535;8911.4;9040.2;8463
"25/03/2018";8445.1;8525;8673.9;8373
"26/03/2018";8119.1;8445;8496.4;7839.1
"27/03/2018";7784.5;8128;8209;7727
"28/03/2018";7936.1;7784.5;8118;7725
"29/03/2018";7094;7936;7963.9;6897.2
"30/03/2018";6840.4;7091.5;7267.3;6533
"31/03/2018";6925.3;6838.1;7221.9;6782.9
"01/04/2018";6810;6925.4;7035.1;6432.4
"02/04/2018";7052.7;6813.1;7121.4;6770.2
"03/04/2018";7405.6;7073.8;7509.6;7020
"04/04/2018";6785.9;7403.3;7422;6670
"05/04/2018";6765;6785.8;6911;6571.9
"06/04/2018";6610.2;6767.2;6851.5;6501.1
"07/04/2018";6892.6;6610;7075.4;6599.9
"08/04/2018";7023.9;6892.6;7114.8;6883
"09/04/2018";6764.6;7024;7187.4;6611
"10/04/2018";6839.3;6770.9;6890.6;6650
"11/04/2018";6943.1;6839.3;6975.7;6795
"12/04/2018";7912;6944;8083.7;6761.3
"13/04/2018";7885.8;7915.2;8230;7746
"14/04/2018";8002.9;7885.8;8182;7820.7
"15/04/2018";8354.1;8003;8426.3;7997.2
"16/04/2018";8056.2;8354.8;8415;7900.3
"17/04/2018";7889.9;8056.1;8169;7823.3
"18/04/2018";8166.3;7888.8;8229;7874.7
"19/04/2018";8272.8;8166.4;8296.8;8099.9
"20/04/2018";8866.1;8272.8;8937.5;8219
"21/04/2018";8919.1;8865.4;9029;8618.9
"22/04/2018";8800;8917.6;8979.8;8752.9
"23/04/2018";8940;8791.4;8940;8769.9
"24/04/2018";9644.4;8940.2;9737.9;8929.9
"25/04/2018";8878.4;9643;9761.5;8768.4
"26/04/2018";9279.3;8850.1;9308;8656
"27/04/2018";8920.1;9269.7;9381.1;8902.8
"28/04/2018";9345.3;8911;9436;8845
"29/04/2018";9398.6;9340.3;9564.1;9184.6
"30/04/2018";9240;9400;9450;9110.7
"01/05/2018";9067;9240.7;9240.7;8829.1
"02/05/2018";9236.4;9069.1;9279.8;8979.6
"03/05/2018";9762.1;9237.9;9838;9162.8
"04/05/2018";9702.8;9759;9811.9;9557
"05/05/2018";9859.6;9702.9;9990;9685.9
"06/05/2018";9658.7;9859.6;9963.9;9455
"07/05/2018";9370;9659;9675.7;9200
"08/05/2018";9184.7;9356.4;9469.7;9052.3
"09/05/2018";9318.2;9180.7;9370.9;8980.1
"10/05/2018";9018.7;9320;9390;9003
"11/05/2018";8412.4;9015.2;9015.2;8341.8
"12/05/2018";8462.7;8419.5;8631.6;8204.5
"13/05/2018";8683.6;8467;8753;8320
"14/05/2018";8670.8;8683.8;8882.4;8279.5
"15/05/2018";8467.5;8668.5;8838;8420.7
"16/05/2018";8336.1;8467;8488.7;8103.6
"17/05/2018";8051.8;8349.7;8466.9;7986.8
"18/05/2018";8239;8054.8;8276.6;7927.8
"19/05/2018";8232.3;8238.9;8400.1;8142
"20/05/2018";8523.7;8230.9;8580;8171.5
"21/05/2018";8393.4;8523.7;8586.9;8317.7
"22/05/2018";7977.3;8399.6;8406.5;7947.2
"23/05/2018";7494.8;7978;8020;7442.1
"24/05/2018";7576.7;7503.3;7718;7260.9
"25/05/2018";7458;7576;7654.1;7323.1
"26/05/2018";7330.3;7456.7;7621.7;7286.1
"27/05/2018";7339.7;7330.8;7411.5;7220.1
"28/05/2018";7097.9;7339.6;7434.8;7062.4
"29/05/2018";7460;7104;7527.9;7048.6
"30/05/2018";7375.1;7465.3;7557.5;7279.6
"31/05/2018";7485.8;7375.1;7599.7;7338
"01/06/2018";7521;7485.9;7599.8;7344.8
"02/06/2018";7638.1;7521.1;7691.2;7445.5
"03/06/2018";7718;7639;7777.4;7600
"04/06/2018";7488.3;7718;7761.5;7457.5
"05/06/2018";7621.7;7487.9;7669;7372.9
"06/06/2018";7654;7621.9;7698;7495.2
"07/06/2018";7688.9;7653.9;7756.1;7645.8
"08/06/2018";7615.1;7685.7;7697;7544
"09/06/2018";7498.6;7615.2;7684.9;7467.7
"10/06/2018";6757.3;7498.1;7498.1;6633.9
"11/06/2018";6873.3;6757.3;6897;6631
"12/06/2018";6543.9;6873.2;6873.2;6441
"13/06/2018";6295.2;6543.1;6611.7;6125.7
"14/06/2018";6633.7;6295.1;6703.4;6269.5
"15/06/2018";6385;6638;6655.5;6360.3
"16/06/2018";6485.9;6386.2;6557.2;6330
"17/06/2018";6435.7;6491;6573;6426.9
"18/06/2018";6709.2;6443.5;6826.8;6378.6
"19/06/2018";6737.5;6711.6;6832.9;6666.2
"20/06/2018";6760.4;6732.7;6818.2;6560
"21/06/2018";6713.5;6760;6787.1;6680.1
"22/06/2018";6042.6;6715.2;6730.7;5929.1
"23/06/2018";6152;6041;6253.9;6014
"24/06/2018";6148;6151.9;6249.7;5762.9
"25/06/2018";6246.6;6146.1;6334.2;6082.1
"26/06/2018";6078.5;6250.8;6273.7;6050.2
"27/06/2018";6133.1;6073.5;6181.4;5989
"28/06/2018";5850;6133.1;6167.7;5829.9
"29/06/2018";6208.1;5848.1;6273;5782.9
"30/06/2018";6391.5;6208.2;6518.1;6195.8
"01/07/2018";6349.7;6391.5;6435;6260.2
"02/07/2018";6581.3;6617.6;6672.4;6539
"03/07/2018";6500;6617.6;6672.4;6470.5
"04/07/2018";6590;6509;6778.3;6418.7
"05/07/2018";6540.2;6589.9;6697.7;6452
"06/07/2018";6602.1;6531.6;6636.9;6452.9
"07/07/2018";6761.7;6602.2;6826.1;6511.5
"08/07/2018";6707;6761.8;6790.8;6669.1
"09/07/2018";6666.7;6705.9;6820;6617.1
"10/07/2018";6301.5;6666.9;6680.1;6269.3
"11/07/2018";6377.8;6299;6402.8;6287.7
"12/07/2018";6249;6377.7;6377.7;6080.8
"13/07/2018";6220;6240.6;6335.1;6133.4
"14/07/2018";6250.1;6219.7;6320;6179.3
"15/07/2018";6347.2;6250;6388.9;6232.3
"16/07/2018";6729.2;6347.7;6750;6328.9
"17/07/2018";7319.8;6734.3;7462.9;6667.4
"18/07/2018";7379.4;7320;7586.5;7249.9
"19/07/2018";7473.5;7379.8;7559.9;7282.9
"20/07/2018";7333.1;7473.6;7681;7278.2
"21/07/2018";7403.3;7333;7458;7221
"22/07/2018";7400.5;7403.4;7572.7;7338.9
"23/07/2018";7719.8;7397.7;7800.7;7374.1
"24/07/2018";8394.5;7719.8;8500.2;7692.3
"25/07/2018";8176;8380;8485.7;8073
"26/07/2018";7939;8178.4;8313.1;7869.8
"27/07/2018";8185.7;7933.5;8280.3;7815.1
"28/07/2018";8246.4;8188;8246.4;8073.9
"29/07/2018";8221;8235.7;8293.9;8123
"30/07/2018";8179.6;8218.5;8274.2;7862.9
"31/07/2018";7730.6;8179.5;8179.5;7670
"01/08/2018";7608.8;7731.3;7755.6;7444.2
"02/08/2018";7535.2;7606;7707.1;7463.1
"03/08/2018";7420;7533.2;7533.2;7283.6
"04/08/2018";7013.2;7420;7490;6930
"05/08/2018";7025.8;7013.2;7089.7;6890.2
"06/08/2018";6941.3;7025.8;7149.9;6847
"07/08/2018";6720.5;6940.1;7149.9;6678.8
"08/08/2018";6279.2;6718.8;6720.1;6131
"09/08/2018";6529.1;6280.7;6623.7;6188.2
"10/08/2018";6146.8;6533.6;6573.6;6014.5
"11/08/2018";6232.7;6147;6485.7;6008.2
"12/08/2018";6313.9;6234.7;6481.7;6163.3
"13/08/2018";6251.9;6312.2;6541.8;6150
"14/08/2018";6189;6241.3;6244;5879.3
"15/08/2018";6270.1;6188.6;6623.8;6181.1
"16/08/2018";6314;6270.2;6474.7;6215.2
"17/08/2018";6583.3;6312;6588.7;6290.2
"18/08/2018";6391.2;6585.9;6615;6301.9
"19/08/2018";6485.1;6395;6550;6309.3
"20/08/2018";6255.9;6485.1;6520.6;6230.2
"21/08/2018";6479.1;6255.2;6500;6245
"22/08/2018";6354.9;6479.1;6885;6253
"23/08/2018";6527.2;6363.8;6565.6;6350
"24/08/2018";6695.9;6530.5;6728.3;6462.7
"25/08/2018";6732.9;6693.3;6795.5;6670
"26/08/2018";6708.4;6732.8;6784.1;6574.5
"27/08/2018";6909.5;6707;6911.6;6653.5
"28/08/2018";7079.7;6910.5;7127.2;6872
"29/08/2018";7045.7;7079.9;7133.6;6931.6
"30/08/2018";6994.7;7037.9;7060;6802.4
"31/08/2018";7025.9;6986.1;7084;6889
"01/09/2018";7197.5;7022.9;7260.4;7020.5
"02/09/2018";7290.4;7197.5;7367;7137.2
"03/09/2018";7268;7304.7;7341.4;7200.1
"04/09/2018";7358.9;7267.8;7410.3;7246.2
"05/09/2018";6710.5;7357.3;7400;6700
"06/09/2018";6515.6;6705;6720.8;6310.3
"07/09/2018";6404.1;6516.1;6532.9;6322.8
"08/09/2018";6185;6404.2;6475.1;6130.3
"09/09/2018";6239.9;6184.9;6427.6;6142.2
"10/09/2018";6308;6240;6363.5;6233.2
"11/09/2018";6290.8;6332.1;6397.1;6178.1
"12/09/2018";6332;6290.9;6355;6203.1
"13/09/2018";6475.6;6334;6523.4;6334
"14/09/2018";6485;6495;6593;6355.6
"15/09/2018";6513.6;6480.1;6568.9;6473.6
"16/09/2018";6498.5;6512.8;6517.8;6384.5
"17/09/2018";6254.2;6506.1;6532.8;6205.1
"18/09/2018";6342.8;6243;6384;6229.2
"19/09/2018";6390.9;6330.8;6521.5;6112.7
"20/09/2018";6500.5;6392.8;6535;6357.2
"21/09/2018";6762.7;6522.1;6790;6496
"22/09/2018";6723;6789.8;6840;6643.6
"23/09/2018";6710;6723.1;6783.3;6664.2
"24/09/2018";6585;6697.8;6721.7;6555.1
"25/09/2018";6434.7;6585.1;6585.1;6350.2
"26/09/2018";6462.4;6442.8;6552.7;6385.8
"27/09/2018";6692.5;6462.4;6727.2;6440.7
"28/09/2018";6635.1;6691.2;6825;6545.1
"29/09/2018";6604.6;6627.3;6631.2;6466
"30/09/2018";6618.1;6590;6656.5;6533.3
"01/10/2018";6601.9;6625.9;6659.6;6521
"02/10/2018";6533.3;6602;6638.4;6514.1
"03/10/2018";6503.2;6527.5;6552.5;6428.1
"04/10/2018";6580.1;6507.9;6640;6499.3
"05/10/2018";6644.7;6594.3;6666.9;6548
"06/10/2018";6592;6639.9;6648.2;6564.5
"07/10/2018";6601;6595.2;6633.7;6532.8
"08/10/2018";6673.2;6617;6718.4;6585.9
"09/10/2018";6663;6679.7;6680.6;6608.5
"10/10/2018";6630.2;6659.7;6659.7;6529.7
"11/10/2018";6252;6628;6628;6223.8
"12/10/2018";6293.2;6249;6348.4;6223
"13/10/2018";6326.5;6288.6;6331.4;6288.6
"14/10/2018";6335.2;6326;6399.1;6318.5
"15/10/2018";6742;6322.7;7704.2;6300
"16/10/2018";6754.1;6739;6891.8;6679
"17/10/2018";6737.1;6754.2;6792.7;6681.3
"18/10/2018";6613;6736.4;6778.2;6567.5
"19/10/2018";6527.3;6609.6;6630.2;6519.9
"20/10/2018";6586.7;6517;6609.7;6511.3
"21/10/2018";6591.6;6582.9;6655;6582.9
"22/10/2018";6567.2;6587.4;6627.6;6549.1
"23/10/2018";6550;6567.2;6584.3;6525.4
"24/10/2018";6554.1;6550;6623;6543.2
"25/10/2018";6528.1;6554;6566;6500.1
"26/10/2018";6531.5;6533.4;6588.3;6514.3
"27/10/2018";6500.2;6534.9;6553.9;6480.1
"28/10/2018";6490.1;6498.4;6510.1;6456.3
"29/10/2018";6344;6490.2;6505;6320.9
"30/10/2018";6330.1;6347.1;6380;6313.2
"31/10/2018";6368.4;6330.1;6406.4;6248.2
"01/11/2018";6399.7;6374.8;6423.2;6353.5
"02/11/2018";6426.9;6407.1;6454.8;6391.6
"03/11/2018";6387.9;6432.2;6432.2;6334.7
"04/11/2018";6485.2;6389.2;6509.4;6360.1
"05/11/2018";6470.1;6495.2;6495.2;6439.4
"06/11/2018";6515.2;6475;6515.3;6447.8
"07/11/2018";6572.7;6519;6607.1;6512.2
"08/11/2018";6479.6;6573;6585;6477
"09/11/2018";6420.2;6479.5;6502.9;6392.6
"10/11/2018";6431.1;6414.5;6461.7;6414.5
"11/11/2018";6450;6431;6459.9;6364
"12/11/2018";6446.9;6481;6481;6418.8
"13/11/2018";6464.4;6447;6497.5;6403.5
"14/11/2018";5884.6;6458.9;6485;5705
"15/11/2018";5753.4;5922.3;5929.2;5441.5
"16/11/2018";5660.5;5731.9;5756.8;5555
"17/11/2018";5626.7;5655.7;5659.2;5573.6
"18/11/2018";5659.4;5637.2;5716;5621
"19/11/2018";4938.1;5650.3;5650.3;4890.9
"20/11/2018";4600.1;4944.9;5048;4318.1
"21/11/2018";4666.6;4572.8;4773.4;4429.9
"22/11/2018";4392.4;4672.1;4716.8;4388.5
"23/11/2018";4422.7;4370.8;4482;4251
"24/11/2018";3929.8;4422.8;4515.2;3834.7
"25/11/2018";4087.8;3934.9;4211.3;3663
"26/11/2018";3858;4111.3;4196.4;3708.1
"27/11/2018";3884.4;3850.1;3941.6;3713.2
"28/11/2018";4306.3;3902.3;4439.6;3889.9
"29/11/2018";4312.9;4331.4;4472;4180.6
"30/11/2018";4038.3;4323.3;4357.4;3966.2
"01/12/2018";4243;4043.6;4339;3978.8
"02/12/2018";4159.7;4241.4;4353.2;4127.2
"03/12/2018";3901.2;4172.9;4178.5;3836.2
"04/12/2018";3981.9;3903.8;4131.1;3793.1
"05/12/2018";3765.3;3982.2;4000.1;3751.1
"06/12/2018";3531.3;3770.5;3908;3506
"07/12/2018";3460;3528.6;3624.8;3278.4
"08/12/2018";3506;3460;3784.8;3316.2
"09/12/2018";3639.6;3506;3766.6;3469.7
"10/12/2018";3524.9;3642.1;3697.9;3475.8
"11/12/2018";3435.3;3523.5;3549.6;3384
"12/12/2018";3535.6;3435.3;3611.2;3415.1
"13/12/2018";3354.4;3535.6;3539.1;3322.2
"14/12/2018";3282.8;3354.4;3390.8;3226.4
"15/12/2018";3285.1;3281.6;3323.8;3216.1
"16/12/2018";3299.9;3282.2;3380.3;3278
"17/12/2018";3625.1;3299.9;3711.5;3285.5
"18/12/2018";3780.1;3625;3780.9;3551
"19/12/2018";3810;3780.1;4041.1;3758
"20/12/2018";4214.5;3810;4275.7;3788.6
"21/12/2018";3976.1;4214.6;4283;3913.3
"22/12/2018";4135;3975.9;4147.3;3919.5
"23/12/2018";4075.7;4135;4210;4036.8
"24/12/2018";4145.2;4071.7;4384;4069
"25/12/2018";3909.7;4140.7;4152.1;3815.5
"26/12/2018";3929.8;3909.7;3990;3812.1
"27/12/2018";3714.7;3930;3954.9;3688
"28/12/2018";4036.7;3712;4094.9;3696.3
"29/12/2018";3887;4033.9;4099.7;3864.6
"30/12/2018";3978.3;3893.8;4003;3845.2
"31/12/2018";3830.5;3976.7;3986.9;3779.5
"01/01/2019";3963;3832.6;3981.9;3788.4
"02/01/2019";4048.5;3963.1;4082.2;3920.1
"03/01/2019";3923.2;4049.9;4055.1;3882
"04/01/2019";3954.9;3923.2;3985.8;3853.3
"05/01/2019";3911;3954.8;4014.9;3901.4
"06/01/2019";4171.5;3911;4214.5;3892.9
"07/01/2019";4113.9;4170.9;4196.9;4078.5
"08/01/2019";4100;4113.9;4210;4056.2
"09/01/2019";4083.2;4100;4165.5;4036
"10/01/2019";3712.8;4083.3;4136.1;3687.2
"11/01/2019";3716.1;3712.8;3777.4;3666.6
"12/01/2019";3702;3712.8;3734;3674.4
"13/01/2019";3591;3702;3712.9;3570
"14/01/2019";3749.3;3591;3798.7;3581.8
"15/01/2019";3656.5;3749.3;3769.5;3625.1
"16/01/2019";3671.2;3657;3750;3642.9
"17/01/2019";3723;3671.3;3725;3610
"18/01/2019";3675.7;3722.5;3723.9;3652.4
"19/01/2019";3760;3674.1;3858.5;3673.9
"20/01/2019";3586.1;3762.3;3796;3548.3
"21/01/2019";3579.4;3588.6;3614.8;3550
"22/01/2019";3639.1;3579.4;3676.3;3488.3
"23/01/2019";3619.9;3639;3677;3591.2
"24/01/2019";3652.6;3621.7;3670;3589.9
"25/01/2019";3628.9;3653;3663.4;3582.1
"26/01/2019";3630.7;3629;3745.8;3624.8
"27/01/2019";3597.1;3630.7;3642.5;3544
"28/01/2019";3501.9;3597.1;3597.9;3450.3
"29/01/2019";3477.9;3501.1;3512.5;3427.2
"30/01/2019";3529.6;3478;3548;3451.5
"31/01/2019";3501.1;3529.7;3565.7;3482.2
"01/02/2019";3536.2;3502.7;3557.2;3465
"02/02/2019";3564.3;3534.8;3575.4;3500.8
"03/02/2019";3501.7;3564.5;3566.8;3470.1
"04/02/2019";3490.5;3504.2;3522.6;3475.3
"05/02/2019";3512.6;3490.4;3517;3475.9
"06/02/2019";3452;3512.6;3521;3417.6
"07/02/2019";3436.1;3451.9;3462.3;3429.3
"08/02/2019";3724;3439;3799.6;3427.8
"09/02/2019";3718.4;3724.1;3739.1;3688.8
"10/02/2019";3746.3;3718.3;3753.5;3667.1
"11/02/2019";3681.1;3749.7;3749.7;3672
"12/02/2019";3694.2;3681;3728;3645.3
"13/02/2019";3666.1;3694.1;3735.4;3650.4
"14/02/2019";3656.7;3665.5;3681.1;3641.1
"15/02/2019";3670;3656.7;3716.3;3644.5
"16/02/2019";3676.4;3670.1;3724.9;3666
"17/02/2019";3734.5;3676.5;3788.8;3668.9
"18/02/2019";3978.1;3734.5;4019.9;3723.9
"19/02/2019";3989.9;3978.4;4081.4;3943.4
"20/02/2019";4055;3989.9;4070;3969.2
"21/02/2019";4008.8;4053.7;4122;3975.3
"22/02/2019";4058.3;4008.8;4074;3991.3
"23/02/2019";4211.7;4058.2;4255;4014.5
"24/02/2019";3832;4212.2;4282.4;3812
"25/02/2019";3921.8;3825;3965;3825
"26/02/2019";3896.8;3919.3;3934.1;3870.4
"27/02/2019";3902.7;3896.8;3934;3767
"28/02/2019";3894;3900.1;3988;3875
"01/03/2019";3914;3894;3948.7;3893
"02/03/2019";3913;3915;3924;3850
"03/03/2019";3884.8;3913;3923.4;3856.7
"04/03/2019";3800;3884.8;3908.1;3767.1
"05/03/2019";3951.6;3800;3966.9;3786.2
"06/03/2019";3951.4;3951.6;3984.1;3912.4
"07/03/2019";3964.7;3951.5;3989.6;3935.7
"08/03/2019";3940.5;3964.7;4020.9;3863.7
"09/03/2019";4017.3;3940.5;4046.2;3933.9
"10/03/2019";4000;4017.3;4017.3;3961.8
"11/03/2019";3949;4000;4009.2;3920.7
"12/03/2019";3954.1;3950.7;3979.5;3895.2
"13/03/2019";3947.9;3954.9;3972.1;3925.1
"14/03/2019";3948.3;3946.2;4000.1;3882.8
"15/03/2019";4003.1;3948.3;4011;3948.3
"16/03/2019";4088;4003.1;4152.7;4003.1
"17/03/2019";4068.9;4088;4088.3;4041.1
"18/03/2019";4073.5;4069;4119.9;4035.6
"19/03/2019";4104.7;4073.7;4118;4056.6
"20/03/2019";4127.2;4104.6;4136.2;4073.9
"21/03/2019";4044.8;4127.2;4138.7;4005.2
"22/03/2019";4045.3;4044.8;4064.6;4035.1
"23/03/2019";4063.2;4045.2;4076.3;4038.5
"24/03/2019";4041.4;4063;4063.2;4011.5
"25/03/2019";3970;4041.4;4049.9;3939.1
"26/03/2019";3991.7;3970;3994.8;3951
"27/03/2019";4102.5;3992.7;4109.6;3979.6
"28/03/2019";4092.6;4102.7;4104;4066.4
"29/03/2019";4179;4092.6;4188;4084.7
"30/03/2019";4165.1;4179.1;4210;4117.2
"31/03/2019";4167.6;4165.1;4181.4;4153.1
"01/04/2019";4196.8;4167.5;4220.8;4127.2
"02/04/2019";4927.1;4196.9;5079.4;4189.7
"03/04/2019";4978;4929.3;5330.1;4849.1
"04/04/2019";4938.9;4976.9;5099.9;4834
"05/04/2019";5080.4;4939.3;5130;4930.1
"06/04/2019";5090.5;5080.4;5280;4968.1
"07/04/2019";5238.1;5091.1;5313.1;5075
"08/04/2019";5312.5;5238.9;5361.7;5148.5
"09/04/2019";5216.3;5312.4;5312.5;5173.5
"10/04/2019";5311.7;5213;5487.4;5200.5
"11/04/2019";5065.8;5315.5;5340;5001.1
"12/04/2019";5114;5059;5134.9;4935.2
"13/04/2019";5101.8;5114.1;5160.8;5075.3
"14/04/2019";5194.3;5103.7;5209;5064.2
"15/04/2019";5049.2;5190.1;5217.1;5000.7
"16/04/2019";5234.3;5042.8;5256.2;5030
"17/04/2019";5254.5;5234.3;5291.1;5224.7
"18/04/2019";5310.8;5254.5;5339.3;5254
"19/04/2019";5314;5310.8;5371.1;5225
"20/04/2019";5340;5314.1;5375.6;5289.2
"21/04/2019";5321.9;5340.1;5366.1;5259.4
"22/04/2019";5417.8;5320.3;5447.5;5276.5
"23/04/2019";5550.9;5417.8;5645;5395.2
"24/04/2019";5480.3;5547.1;5647.4;5415
"25/04/2019";5219;5479.6;5556.8;5065.2
"26/04/2019";5410.8;5215.6;5517.1;5174.1
"27/04/2019";5401.8;5410.9;5456.9;5355.4
"28/04/2019";5486.8;5400.6;5542.2;5400.6
"29/04/2019";5480.1;5486.8;5515.2;5370.3
"30/04/2019";5599.5;5480;5612;5454.9
"01/05/2019";5629.6;5599.6;5655;5585.5
"02/05/2019";5723.8;5629.5;5779.8;5618
"03/05/2019";6016;5729.6;6139.9;5716.5
"04/05/2019";6098.3;6019.9;6149.1;5868.2
"05/05/2019";6042;6098.2;6112;5956.2
"06/05/2019";6027.9;6042;6100.3;5906.8
"07/05/2019";6087.9;6027.9;6290;6027.9
"08/05/2019";6201;6096.6;6220.4;6024.1
"09/05/2019";6258.4;6201.9;6309;6165
"10/05/2019";6438.7;6262;6522;6212.6
"11/05/2019";7136.4;6438.7;7278.3;6438.7
"12/05/2019";6979.9;7125.1;7448;6860
"13/05/2019";7753.2;6980.1;8049.9;6883.9
"14/05/2019";7958.3;7753.2;8194.1;7684.1
"15/05/2019";8132.9;7951.9;8208.9;7837.6
"16/05/2019";7857;8135.5;8307.7;7750.1
"17/05/2019";7415.4;7857.5;7905.7;7067.4
"18/05/2019";7260;7418.3;7509.1;7210.6
"19/05/2019";8189.5;7260.1;8263.2;7252
"20/05/2019";7985;8188.3;8188.3;7601
"21/05/2019";7937;7990.5;8089.9;7819.7
"22/05/2019";7621.1;7933.6;8030;7507.9
"23/05/2019";7872.4;7619.9;7957.1;7496.3
"24/05/2019";7994.9;7872.1;8158.6;7801.6
"25/05/2019";8054.9;7990;8135;7950.4
"26/05/2019";8729.9;8054.9;8820;7880.2
"27/05/2019";8806;8730;8951;8661
"28/05/2019";8740.9;8806.1;8843.7;8558.3
"29/05/2019";8680.9;8738.1;8794.9;8490
"30/05/2019";8269.9;8681.2;9100;8019.7
"31/05/2019";8533.3;8268.5;8550;8112.4
"01/06/2019";8547;8531.9;8625;8452
"02/06/2019";8740;8546.9;8818;8540
"03/06/2019";8103.4;8740.1;8740.1;8050.1
"04/06/2019";7692.8;8088;8088;7524.5
"05/06/2019";7789.3;7692.8;7931;7603
"06/06/2019";7805.6;7766.3;7870.6;7461
"07/06/2019";7991.5;7816.9;8123.5;7769.1
"08/06/2019";7924.6;8002.1;8064.8;7802
"09/06/2019";7639.2;7924;7961;7502.5
"10/06/2019";8013.7;7622.5;8046.3;7523.3
"11/06/2019";7904.1;8018.8;8048.9;7711.3
"12/06/2019";8175.4;7903.1;8238.8;7822.3
"13/06/2019";8227.4;8177.6;8333;8038.9
"14/06/2019";8689.1;8230;8714.9;8163.3
"15/06/2019";8856;8689;8904.1;8611
"16/06/2019";8986;8852.8;9389.6;8803
"17/06/2019";9356;8986;9489.9;8986
"18/06/2019";9095.9;9351;9370.9;8945.4
"19/06/2019";9305.9;9094.9;9339.9;9062
"20/06/2019";9557.1;9306;9620.8;9241
"21/06/2019";10236;9557.8;10249;9557.8
"22/06/2019";10747.9;10227;11210;10098.2
"23/06/2019";10916;10745;11368;10576
"24/06/2019";11053;10913;11135;10560
"25/06/2019";11751;11070;11780;10992.4
"26/06/2019";12876;11746;13764;11693
"27/06/2019";11200;12876;13222;10397
"28/06/2019";12349;11183;12404;10812
"29/06/2019";11921;12350.7;12350.7;11375
"30/06/2019";10745;11973;12229;10705
"01/07/2019";10639;10777;11221;10099
"02/07/2019";10866;10639.8;10961;9745.1
"03/07/2019";11984;10903;12004;10903
"04/07/2019";11169;12000;12063.5;11057
"05/07/2019";10998;11141;11440;10802
"06/07/2019";11283;10983;11720;10983
"07/07/2019";11486;11276;11618;11121.6
"08/07/2019";12301;11484;12382;11339
"09/07/2019";12553;12301.5;12811;12173
"10/07/2019";12093;12564;13173;11572
"11/07/2019";11340;12092;12092;11006
"12/07/2019";11765;11327;11900;11100
"13/07/2019";11312;11779;11803;10806
"14/07/2019";10206.8;11324;11390;10125
"15/07/2019";10820;10193;11043;9920.6
"16/07/2019";9410;10813;10991;9378
"17/07/2019";9683.2;9418.4;9963.1;9090
"18/07/2019";10622;9691.2;10750;9271.6
"19/07/2019";10519;10624;10759;10132.7
"20/07/2019";10740;10517.6;11085;10402
"21/07/2019";10569.4;10741;10811;10300
"22/07/2019";10329;10572;10667;10094
"23/07/2019";9854.9;10330;10330;9824.5
"24/07/2019";9771;9859;9917.7;9541.9
"25/07/2019";9890.1;9772;10180;9735
"26/07/2019";9842.5;9888;9899;9672
"27/07/2019";9465.7;9840.3;10189;9300.3
"28/07/2019";9519;9463.1;9604.2;9112.3
"29/07/2019";9507;9530;9690;9396.6
"30/07/2019";9589;9503.5;9736;9401.6
"31/07/2019";10088;9588.9;10099;9575.5
"01/08/2019";10399;10096;10500;9899.9
"02/08/2019";10519;10400;10648.3;10345
"03/08/2019";10822;10520;10910;10506
"04/08/2019";10973;10822;11060;10595
"05/08/2019";11808;10974;11938;10973
"06/08/2019";11471.2;11824;12307;11268
"07/08/2019";11997;11472;12122;11386
"08/08/2019";12060;11999;12126;11570
"09/08/2019";11893;12051;12092.7;11711
"10/08/2019";11314;11892;12003;11263
"11/08/2019";11586;11308;11594;11158
"12/08/2019";11404;11577;11578.8;11272
"13/08/2019";10904;11411;11468;10801
"14/08/2019";10067;10904;10909;9980
"15/08/2019";10327;10067;10470;9522.5
"16/08/2019";10366;10324;10568;9783.4
"17/08/2019";10228;10372;10487;10004.1
"18/08/2019";10327;10230;10529;10086
"19/08/2019";10937;10329;10960;10280
"20/08/2019";10793;10947;10986;10588
"21/08/2019";10146;10795;10825;9880
"22/08/2019";10117;10147;10247;9790
"23/08/2019";10408;10117;10461;10063
"24/08/2019";10152;10414;10427;9900
"25/08/2019";10132;10162;10349;9881.1
"26/08/2019";10377;10144;10654;10144
"27/08/2019";10184;10376.2;10392;10036.9
"28/08/2019";9727.4;10190;10303;9585.3
"29/08/2019";9509;9727.3;9727.3;9360.4
"30/08/2019";9601;9509.4;9710;9384.3
"31/08/2019";9623.9;9600.7;9710.2;9472.1
"01/09/2019";9779.1;9623.9;9858;9560.1
"02/09/2019";10388;9783;10473;9754.9
"03/09/2019";10641;10401;10766;10300
"04/09/2019";10590;10642;10841.2;10411
"05/09/2019";10578.7;10593;10663;10483
"06/09/2019";10317;10582.9;10933;10218
"07/09/2019";10488;10305;10581;10305
"08/09/2019";10415;10489;10599;10257
"09/09/2019";10318;10417;10542;10118.6
"10/09/2019";10122;10317;10399;9961.7
"11/09/2019";10175;10121;10297;9866.5
"12/09/2019";10452;10174.2;10488;10065.1
"13/09/2019";10374;10452;10475;10170
"14/09/2019";10379;10374;10478;10256
"15/09/2019";10322;10381;10402;10287
"16/09/2019";10295;10321;10399;10100
"17/09/2019";10214.1;10290;10308;10171
"18/09/2019";10185;10214.1;10278;10111
"19/09/2019";10301;10185;10417;9655
"20/09/2019";10198;10303;10340;10105
"21/09/2019";10013;10197;10199;9958.1
"22/09/2019";10052;10012;10105;9881.4
"23/09/2019";9702.6;10055;10077;9627.5
"24/09/2019";8547.9;9702.6;9788.1;8110.1
"25/09/2019";8474.7;8535;8770;8266.1
"26/09/2019";8103.6;8475.3;8489.9;7800.1
"27/09/2019";8213.4;8105.9;8296.5;7906.3
"28/09/2019";8238.6;8215.3;8354.7;8047.9
"29/09/2019";8090;8238.2;8260.2;7930.7
"30/09/2019";8331.1;8090.1;8384;7753
"01/10/2019";8334.9;8331.1;8539;8228
"02/10/2019";8413.4;8333.7;8419.9;8193.5
"03/10/2019";8257.9;8414.9;8440;8100.7
"04/10/2019";8170;8260.5;8264.9;8040
"05/10/2019";8162.5;8170.1;8210.7;8040
"06/10/2019";7883.1;8162.5;8183.1;7807.1
"07/10/2019";8227;7886.2;8342;7794.9
"08/10/2019";8211.2;8234.6;8362;8132.8
"09/10/2019";8607.5;8205;8717.9;8146.6
"10/10/2019";8596;8610.4;8682.8;8472
"11/10/2019";8280;8596;8815.2;8253
"12/10/2019";8318.3;8278.2;8421;8272.5
"13/10/2019";8305.7;8319.6;8477.4;8179.3
"14/10/2019";8370;8304.9;8423.5;8230.1
"15/10/2019";8191.1;8370;8433.7;8123.6
"16/10/2019";8016;8191;8203.2;7960
"17/10/2019";8092.3;8016.1;8144.9;7949.3
"18/10/2019";7987.2;8092.4;8135.1;7860
"19/10/2019";7992.9;7987.3;8117;7927
"20/10/2019";8260.6;7993;8335.6;7922
"21/10/2019";8243.9;8260.7;8371.3;8181.8
"22/10/2019";8058.9;8242.2;8332.2;8037.1
"23/10/2019";7493.7;8053.7;8074.5;7341.5
"24/10/2019";7453;7493.6;7529;7372
"25/10/2019";8679.1;7453;8800;7426
"26/10/2019";9270.9;8679.3;10464.1;8662.9
"27/10/2019";9571.8;9270.9;9815.6;9121.6
"28/10/2019";9225.7;9574.1;9948;9216.8
"29/10/2019";9445.5;9229.2;9558.3;9101.3
"30/10/2019";9184.3;9445.5;9446.9;9035
"31/10/2019";9185.6;9184.4;9460.7;8984.8
"01/11/2019";9289.1;9185.6;9332.1;9087.4
"02/11/2019";9332.1;9288.4;9429.4;9251.8
"03/11/2019";9222.4;9332.2;9400.6;9100
"04/11/2019";9441.2;9223;9621.8;9152
"05/11/2019";9333.9;9440;9504.1;9200
"06/11/2019";9353;9334;9475;9278
"07/11/2019";9208;9355;9387.1;9086.5
"08/11/2019";8782.4;9209.2;9252.4;8688.1
"09/11/2019";8828;8782.3;8891.4;8735.9
"10/11/2019";9068.4;8827.1;9156.9;8764
"11/11/2019";8737.7;9069.7;9107.3;8633.4
"12/11/2019";8830;8737.7;8891.5;8602.1
"13/11/2019";8801.1;8830;8849.3;8730.3
"14/11/2019";8655.7;8800.9;8817.4;8601.4
"15/11/2019";8495.8;8655.5;8798.1;8420.2
"16/11/2019";8523.5;8494.8;8553.1;8442.7
"17/11/2019";8537.3;8523.4;8662.9;8422
"18/11/2019";8219.5;8536.7;8536.8;8119
"19/11/2019";8164.9;8219.5;8241.9;8055.2
"20/11/2019";8126.4;8164.9;8257.8;8081
"21/11/2019";7671.1;8126.4;8155.9;7500
"22/11/2019";7317.2;7671.1;7766;6819.2
"23/11/2019";7352.6;7318.6;7385;7141
"24/11/2019";6965.3;7352.7;7372;6922
"25/11/2019";7162.8;6900.9;7380;6515
"26/11/2019";7198.3;7162.8;7386.3;7047.2
"27/11/2019";7549.3;7198.6;7689;6878.2
"28/11/2019";7460.8;7547.3;7690;7415
"29/11/2019";7796.6;7460.7;7933.4;7450
"30/11/2019";7599.9;7796.6;7861.6;7492
"01/12/2019";7450.1;7599.3;7600.1;7288.6
"02/12/2019";7350.3;7450;7467.3;7206.4
"03/12/2019";7336;7350.3;7454.6;7287
"04/12/2019";7238.3;7336;7890;7129
"05/12/2019";7440;7239.4;7530.9;7191
"06/12/2019";7588.3;7440;7661.8;7350
"07/12/2019";7543.2;7584.7;7669.8;7516.7
"08/12/2019";7564.6;7543.1;7620;7433.6
"09/12/2019";7379.5;7564.6;7748.7;7306.2
"10/12/2019";7254.6;7379.5;7434.6;7200
"11/12/2019";7230.7;7254.6;7312;7169
"12/12/2019";7224;7230.8;7369;7132.8
"13/12/2019";7283.2;7224.1;7332;7218.7
"14/12/2019";7100.8;7283.2;7290.5;7032.6
"15/12/2019";7152.7;7100.8;7224.8;7043.9
"16/12/2019";6926.8;7152.7;7196;6900
"17/12/2019";6667.1;6926.8;6972;6620
"18/12/2019";7326.2;6667.1;7482.2;6477
"19/12/2019";7181.8;7326.2;7417.1;7079.7
"20/12/2019";7212.9;7181.8;7249;7116.8
"21/12/2019";7166.4;7213;7215.1;7136.5
"22/12/2019";7535.1;7166.4;7541.4;7159.6
"23/12/2019";7347.4;7535.9;7715.1;7282.4
"24/12/2019";7276.9;7347.4;7445;7182.1
"25/12/2019";7220.1;7276.9;7294.2;7113.2
"26/12/2019";7232.4;7220.1;7465;7181.8
"27/12/2019";7287;7231.6;7300;7113.3
"28/12/2019";7334.4;7287;7390;7279.2
"29/12/2019";7413.6;7334.4;7551.6;7311.6
"30/12/2019";7260.9;7416.1;7421.7;7201.3
"31/12/2019";7208.3;7260.9;7333;7161.3
"01/01/2020";7212.7;7208.2;7285.1;7185.4
"02/01/2020";6989.4;7212.4;7225.8;6963
"03/01/2020";7371.2;6989.4;7444.9;6909.3
"04/01/2020";7369.8;7371.1;7422;7297.3
"05/01/2020";7364.6;7370.3;7509.9;7315.8
"06/01/2020";7757.9;7363.9;7785;7358
"07/01/2020";8154.1;7759.5;8210.3;7741.9
"08/01/2020";8036.8;8158.3;8442;7877.6
"09/01/2020";7817.5;8036.8;8036.8;7756
"10/01/2020";8184.5;7817.4;8185.9;7675.8
"11/01/2020";8013.7;8180.3;8282.4;7991.8
"12/01/2020";8174.7;8013.6;8174.7;7951.7
"13/01/2020";8095.8;8174.7;8199.7;8053.6
"14/01/2020";8772.6;8095.8;8829;8095.8
"15/01/2020";8807.7;8771;8873;8560.1
"16/01/2020";8720.6;8807.7;8839.9;8579.8
"17/01/2020";8875.4;8719.5;9000;8674.2
"18/01/2020";8891.6;8875.5;8965;8791.1
"19/01/2020";8698.7;8891.5;9169.5;8450
"20/01/2020";8638.2;8698.7;8741.1;8519.6
"21/10/2020";8734.1;8638.2;8787.2;8500
"22/01/2020";8663.9;8734.2;8799.9;8580.5
"23/01/2020";8403.6;8663.8;8670.4;8296
"24/01/2020";8447.1;8403.6;8523;8246
"25/01/2020";8353.7;8447.1;8447.2;8280
